Arrivals,Min,Max,Modal,Year,Month,Day,DayOfWeek,Variety_GREEN PEAS,Grade_AVERAGE,Market_BENGALURU,Market_MYSURU,Market_SHIVAMOGGA
-0.7902376116028895,12200.0,15000.0,13600.0,2021.0,1.0,1.0,4.0,1.0,1.0,1.0,0.0,0.0
-0.818969257826795,12200.0,15000.0,13600.0,2021.0,1.0,2.0,5.0,1.0,1.0,1.0,0.0,0.0
-0.991359135170228,12200.0,15000.0,13600.0,2021.0,1.0,4.0,0.0,1.0,1.0,1.0,0.0,0.0
0.6196653138130441,12200.0,15000.0,13600.0,2021.0,1.0,5.0,1.0,1.0,1.0,1.0,0.0,0.0
-0.22381372890303844,10500.0,13000.0,11750.0,2021.0,1.0,6.0,2.0,1.0,1.0,1.0,0.0,0.0
-0.5296005351431754,11000.0,13000.0,12000.0,2021.0,1.0,7.0,3.0,1.0,1.0,1.0,0.0,0.0
-0.5296005351431754,11000.0,13000.0,12000.0,2021.0,1.0,8.0,4.0,1.0,1.0,1.0,0.0,0.0
-0.5111301911420933,11000.0,13000.0,12000.0,2021.0,1.0,11.0,0.0,1.0,1.0,1.0,0.0,0.0
1.009594798280333,11000.0,13000.0,12000.0,2021.0,1.0,12.0,1.0,1.0,1.0,1.0,0.0,0.0
-0.4064649084692948,11000.0,14500.0,12750.0,2021.0,1.0,15.0,4.0,1.0,1.0,1.0,0.0,0.0
-0.30385188624106085,11000.0,14500.0,12750.0,2021.0,1.0,16.0,5.0,1.0,1.0,1.0,0.0,0.0
0.11275698400556873,11000.0,14500.0,12750.0,2021.0,1.0,18.0,0.0,1.0,1.0,1.0,0.0,0.0
-0.008326382223747267,11500.0,12000.0,11750.0,2021.0,1.0,19.0,1.0,1.0,1.0,1.0,0.0,0.0
-0.4967643680301406,11500.0,12000.0,11750.0,2021.0,1.0,21.0,3.0,1.0,1.0,1.0,0.0,0.0
-0.2935905840182375,11500.0,12000.0,11750.0,2021.0,1.0,22.0,4.0,1.0,1.0,1.0,0.0,0.0
1.6334819734279948,11500.0,12000.0,11750.0,2021.0,1.0,25.0,0.0,1.0,1.0,1.0,0.0,0.0
-0.4126216898029888,11500.0,12000.0,11750.0,2021.0,1.0,27.0,2.0,1.0,1.0,1.0,0.0,0.0
-0.16635043645522746,11000.0,14000.0,12500.0,2021.0,1.0,28.0,3.0,1.0,1.0,1.0,0.0,0.0
1.2353434471824474,11000.0,14000.0,12500.0,2021.0,1.0,29.0,4.0,1.0,1.0,1.0,0.0,0.0
2.1321812614572115,11000.0,14000.0,12500.0,2021.0,1.0,30.0,5.0,1.0,1.0,1.0,0.0,0.0
1.4467262729726091,8000.0,12000.0,10000.0,2021.0,2.0,1.0,0.0,1.0,1.0,1.0,0.0,0.0
0.4288050924685291,8000.0,12000.0,10000.0,2021.0,2.0,2.0,1.0,1.0,1.0,1.0,0.0,0.0
0.5108955102511162,8000.0,12000.0,10000.0,2021.0,2.0,3.0,2.0,1.0,1.0,1.0,0.0,0.0
0.20100418312184987,8000.0,12000.0,10000.0,2021.0,2.0,4.0,3.0,1.0,1.0,1.0,0.0,0.0
-0.01653542400200598,12000.0,14000.0,13000.0,2021.0,2.0,5.0,4.0,1.0,1.0,1.0,0.0,0.0
0.1886906204544618,12000.0,14000.0,13000.0,2021.0,2.0,6.0,5.0,1.0,1.0,1.0,0.0,0.0
-0.37362874135625995,10000.0,13000.0,11500.0,2021.0,2.0,8.0,0.0,1.0,1.0,1.0,0.0,0.0
-0.6999381520420437,10000.0,13000.0,11500.0,2021.0,2.0,9.0,1.0,1.0,1.0,1.0,0.0,0.0
-0.5296005351431754,10000.0,14000.0,12000.0,2021.0,2.0,10.0,2.0,1.0,1.0,1.0,0.0,0.0
-0.4269875129149415,10000.0,14000.0,12000.0,2021.0,2.0,11.0,3.0,1.0,1.0,1.0,0.0,0.0
-0.6609452035953148,10000.0,14000.0,12000.0,2021.0,2.0,12.0,4.0,1.0,1.0,1.0,0.0,0.0
0.008091701332770155,10000.0,12000.0,11000.0,2021.0,2.0,16.0,1.0,1.0,1.0,1.0,0.0,0.0
0.38981214402180026,10000.0,12000.0,11000.0,2021.0,2.0,17.0,2.0,1.0,1.0,1.0,0.0,0.0
-0.5296005351431754,5600.0,12000.0,8800.0,2021.0,2.0,18.0,3.0,1.0,1.0,1.0,0.0,0.0
-0.01653542400200598,5600.0,12000.0,8800.0,2021.0,2.0,19.0,4.0,1.0,1.0,1.0,0.0,0.0
-0.2730679795725907,5600.0,12000.0,8800.0,2021.0,2.0,20.0,5.0,1.0,1.0,1.0,0.0,0.0
1.009594798280333,5600.0,12000.0,8800.0,2021.0,2.0,22.0,0.0,1.0,1.0,1.0,0.0,0.0
0.4390663946913525,11000.0,12000.0,11500.0,2021.0,2.0,23.0,1.0,1.0,1.0,1.0,0.0,0.0
-0.4269875129149415,11000.0,12000.0,11500.0,2021.0,2.0,24.0,2.0,1.0,1.0,1.0,0.0,0.0
0.8987727342738403,6000.0,11500.0,8750.0,2021.0,2.0,25.0,3.0,1.0,1.0,1.0,0.0,0.0
-1.0118817396158748,6000.0,11500.0,8750.0,2021.0,2.0,26.0,4.0,1.0,1.0,1.0,0.0,0.0
-0.4249352524703769,10000.0,12000.0,11000.0,2021.0,3.0,1.0,0.0,1.0,1.0,1.0,0.0,0.0
0.7551145031543129,10000.0,12000.0,11000.0,2021.0,3.0,2.0,1.0,1.0,1.0,1.0,0.0,0.0
-0.05552837244873486,10000.0,12000.0,11000.0,2021.0,3.0,3.0,2.0,1.0,1.0,1.0,0.0,0.0
1.6252729316497363,10000.0,12000.0,11000.0,2021.0,3.0,4.0,3.0,1.0,1.0,1.0,0.0,0.0
-0.5029211493638346,10000.0,12000.0,11000.0,2021.0,3.0,5.0,4.0,1.0,1.0,1.0,0.0,0.0
-0.46392820091710574,10000.0,12000.0,11000.0,2021.0,3.0,6.0,5.0,1.0,1.0,1.0,0.0,0.0
1.8838577476648857,10800.0,12000.0,11400.0,2021.0,3.0,8.0,0.0,1.0,1.0,1.0,0.0,0.0
0.6011949698119621,10800.0,12000.0,11400.0,2021.0,3.0,9.0,1.0,1.0,1.0,1.0,0.0,0.0
-0.010378642668311944,10800.0,12000.0,11400.0,2021.0,3.0,10.0,2.0,1.0,1.0,1.0,0.0,0.0
0.11686150489469808,10800.0,12000.0,11400.0,2021.0,3.0,12.0,4.0,1.0,1.0,1.0,0.0,0.0
3.1090572330699984,10500.0,11500.0,11000.0,2021.0,3.0,15.0,0.0,1.0,1.0,1.0,0.0,0.0
0.1886906204544618,10500.0,11500.0,11000.0,2021.0,3.0,16.0,1.0,1.0,1.0,1.0,0.0,0.0
0.08607759822622792,10000.0,11000.0,10500.0,2021.0,3.0,17.0,2.0,1.0,1.0,1.0,0.0,0.0
0.7633235449325716,10000.0,11000.0,10500.0,2021.0,3.0,18.0,3.0,1.0,1.0,1.0,0.0,0.0
-0.5316527955877401,10000.0,11000.0,10500.0,2021.0,3.0,19.0,4.0,1.0,1.0,1.0,0.0,0.0
0.23384035023488473,10000.0,11000.0,10500.0,2021.0,3.0,20.0,5.0,1.0,1.0,1.0,0.0,0.0
0.4965296871391635,10000.0,11000.0,10500.0,2021.0,3.0,22.0,0.0,1.0,1.0,1.0,0.0,0.0
-0.3982558666910361,10000.0,11000.0,10500.0,2021.0,3.0,23.0,1.0,1.0,1.0,1.0,0.0,0.0
0.04503238933493436,10000.0,11000.0,10500.0,2021.0,3.0,24.0,2.0,1.0,1.0,1.0,0.0,0.0
0.13738410934034487,10000.0,11000.0,10500.0,2021.0,3.0,25.0,3.0,1.0,1.0,1.0,0.0,0.0
-0.9564707076126284,11000.0,14000.0,12500.0,2021.0,3.0,26.0,4.0,1.0,1.0,1.0,0.0,0.0
-0.01653542400200598,11000.0,14000.0,12500.0,2021.0,3.0,29.0,0.0,1.0,1.0,1.0,0.0,0.0
-0.018587684446570656,11000.0,14000.0,12500.0,2021.0,3.0,30.0,1.0,1.0,1.0,1.0,0.0,0.0
-0.9051641964985115,10800.0,11500.0,11150.0,2021.0,3.0,31.0,2.0,1.0,1.0,1.0,0.0,0.0
-0.48034628447362315,10800.0,11500.0,11150.0,2021.0,4.0,1.0,3.0,1.0,1.0,1.0,0.0,0.0
-0.6732587662627029,10800.0,11500.0,11150.0,2021.0,4.0,3.0,5.0,1.0,1.0,1.0,0.0,0.0
-0.5296005351431754,10800.0,11500.0,11150.0,2021.0,4.0,5.0,0.0,1.0,1.0,1.0,0.0,0.0
-0.01653542400200598,10800.0,11500.0,11150.0,2021.0,4.0,6.0,1.0,1.0,1.0,1.0,0.0,0.0
1.021908360947721,10800.0,11500.0,11150.0,2021.0,4.0,7.0,2.0,1.0,1.0,1.0,0.0,0.0
1.3174338649650346,9000.0,12000.0,10500.0,2021.0,4.0,8.0,3.0,1.0,1.0,1.0,0.0,0.0
-0.9810978329474046,9000.0,12000.0,10500.0,2021.0,4.0,9.0,4.0,1.0,1.0,1.0,0.0,0.0
3.494882196648158,9000.0,12000.0,10500.0,2021.0,4.0,12.0,0.0,1.0,1.0,1.0,0.0,0.0
1.9207984356670498,9000.0,12000.0,10500.0,2021.0,4.0,15.0,3.0,1.0,1.0,1.0,0.0,0.0
-0.018587684446570656,9000.0,12000.0,10500.0,2021.0,4.0,16.0,4.0,1.0,1.0,1.0,0.0,0.0
1.6929975263203705,9000.0,12000.0,10500.0,2021.0,4.0,17.0,5.0,1.0,1.0,1.0,0.0,0.0
0.04503238933493436,11000.0,11500.0,11250.0,2021.0,4.0,19.0,0.0,1.0,1.0,1.0,0.0,0.0
-0.8990074151648174,11000.0,11500.0,11250.0,2021.0,4.0,20.0,1.0,1.0,1.0,1.0,0.0,0.0
-0.49881662847470526,11000.0,11500.0,11250.0,2021.0,4.0,21.0,2.0,1.0,1.0,1.0,0.0,0.0
-0.9256868009441582,11000.0,11500.0,11250.0,2021.0,4.0,22.0,3.0,1.0,1.0,1.0,0.0,0.0
-0.5296005351431754,11000.0,11500.0,11250.0,2021.0,4.0,23.0,4.0,1.0,1.0,1.0,0.0,0.0
1.5534438160899724,11500.0,12500.0,12000.0,2021.0,4.0,26.0,0.0,1.0,1.0,1.0,0.0,0.0
0.6607105227043377,11500.0,12500.0,12000.0,2021.0,4.0,27.0,1.0,1.0,1.0,1.0,0.0,0.0
-0.5296005351431754,11500.0,12500.0,12000.0,2021.0,5.0,12.0,2.0,1.0,1.0,1.0,0.0,0.0
-0.01653542400200598,11500.0,12500.0,12000.0,2021.0,5.0,13.0,3.0,1.0,1.0,1.0,0.0,0.0
0.057345952002322426,11500.0,12500.0,12000.0,2021.0,5.0,15.0,5.0,1.0,1.0,1.0,0.0,0.0
-0.4331442942486356,11500.0,12500.0,12000.0,2021.0,5.0,18.0,1.0,1.0,1.0,1.0,0.0,0.0
-0.5296005351431754,11500.0,12500.0,12000.0,2021.0,5.0,19.0,2.0,1.0,1.0,1.0,0.0,0.0
-0.48239854491818784,11500.0,12500.0,12000.0,2021.0,5.0,21.0,4.0,1.0,1.0,1.0,0.0,0.0
1.72788595387797,11500.0,12500.0,12000.0,2021.0,5.0,24.0,0.0,1.0,1.0,1.0,0.0,0.0
-0.7840808302691955,11500.0,12500.0,12000.0,2021.0,5.0,25.0,1.0,1.0,1.0,1.0,0.0,0.0
-0.4310920338040709,11500.0,12500.0,12000.0,2021.0,5.0,26.0,2.0,1.0,1.0,1.0,0.0,0.0
-0.946209405389805,11500.0,12500.0,12000.0,2021.0,5.0,27.0,3.0,1.0,1.0,1.0,0.0,0.0
-0.48855532625188186,11500.0,12500.0,12000.0,2021.0,5.0,28.0,4.0,1.0,1.0,1.0,0.0,0.0
-0.5296005351431754,11500.0,12500.0,12000.0,2021.0,5.0,29.0,5.0,1.0,1.0,1.0,0.0,0.0
-0.3756810018008246,11500.0,12500.0,12000.0,2021.0,5.0,31.0,0.0,1.0,1.0,1.0,0.0,0.0
-0.3572106577997425,11500.0,12500.0,12000.0,2021.0,6.0,1.0,1.0,1.0,1.0,1.0,0.0,0.0
-0.49881662847470526,11500.0,12500.0,12000.0,2021.0,6.0,3.0,3.0,1.0,1.0,1.0,0.0,0.0
-0.5296005351431754,6000.0,11500.0,8750.0,2021.0,6.0,7.0,0.0,1.0,1.0,1.0,0.0,0.0
-0.4680327218062351,6000.0,11500.0,8750.0,2021.0,6.0,8.0,1.0,1.0,1.0,1.0,0.0,0.0
-0.5296005351431754,6000.0,11500.0,8750.0,2021.0,6.0,9.0,2.0,1.0,1.0,1.0,0.0,0.0
-0.5296005351431754,6000.0,11500.0,8750.0,2021.0,6.0,10.0,3.0,1.0,1.0,1.0,0.0,0.0
-0.6445271200387974,6000.0,11500.0,8750.0,2021.0,6.0,11.0,4.0,1.0,1.0,1.0,0.0,0.0
-0.4269875129149415,11000.0,11800.0,11400.0,2021.0,6.0,14.0,0.0,1.0,1.0,1.0,0.0,0.0
-0.5296005351431754,11000.0,11800.0,11400.0,2021.0,6.0,15.0,1.0,1.0,1.0,1.0,0.0,0.0
-0.01653542400200598,11000.0,11800.0,11400.0,2021.0,6.0,16.0,2.0,1.0,1.0,1.0,0.0,0.0
0.08607759822622792,11000.0,11800.0,11400.0,2021.0,6.0,17.0,3.0,1.0,1.0,1.0,0.0,0.0
-0.5296005351431754,11000.0,11800.0,11400.0,2021.0,6.0,18.0,4.0,1.0,1.0,1.0,0.0,0.0
-0.6732587662627029,11000.0,11800.0,11400.0,2021.0,6.0,19.0,5.0,1.0,1.0,1.0,0.0,0.0
0.14764541156316824,11000.0,11800.0,11400.0,2021.0,6.0,21.0,0.0,1.0,1.0,1.0,0.0,0.0
-0.4064649084692948,11000.0,11800.0,11400.0,2021.0,6.0,22.0,1.0,1.0,1.0,1.0,0.0,0.0
-0.49881662847470526,11000.0,14000.0,12500.0,2021.0,6.0,23.0,2.0,1.0,1.0,1.0,0.0,0.0
-0.5296005351431754,11000.0,11800.0,11400.0,2021.0,6.0,24.0,3.0,1.0,1.0,1.0,0.0,0.0
-0.01653542400200598,11000.0,14000.0,12500.0,2021.0,6.0,25.0,4.0,1.0,1.0,1.0,0.0,0.0
-0.1540368737878394,11000.0,12000.0,11500.0,2021.0,6.0,28.0,0.0,1.0,1.0,1.0,0.0,0.0
-0.2525453751269439,11000.0,12300.0,11650.0,2021.0,6.0,29.0,1.0,1.0,1.0,1.0,0.0,0.0
-0.5296005351431754,11000.0,12300.0,11650.0,2021.0,6.0,30.0,2.0,1.0,1.0,1.0,0.0,0.0
-0.9564707076126284,11000.0,12300.0,11650.0,2021.0,7.0,1.0,3.0,1.0,1.0,1.0,0.0,0.0
-0.5952728693692452,11000.0,12000.0,11500.0,2021.0,7.0,2.0,4.0,1.0,1.0,1.0,0.0,0.0
-0.3202699697975783,11000.0,12000.0,11500.0,2021.0,7.0,3.0,5.0,1.0,1.0,1.0,0.0,0.0
-0.01653542400200598,11000.0,13000.0,12000.0,2021.0,7.0,5.0,0.0,1.0,1.0,1.0,0.0,0.0
-0.876432550274606,11000.0,13000.0,12000.0,2021.0,7.0,6.0,1.0,1.0,1.0,1.0,0.0,0.0
-0.1622459155660981,11000.0,13000.0,12000.0,2021.0,7.0,7.0,2.0,1.0,1.0,1.0,0.0,0.0
-0.8825893316083,11000.0,12300.0,11650.0,2021.0,7.0,8.0,3.0,1.0,1.0,1.0,0.0,0.0
-0.4208307315812475,11000.0,12300.0,11650.0,2021.0,7.0,9.0,4.0,1.0,1.0,1.0,0.0,0.0
0.8864591716064523,11000.0,12300.0,11650.0,2021.0,7.0,12.0,0.0,1.0,1.0,1.0,0.0,0.0
-1.022143041838698,11000.0,13000.0,12000.0,2021.0,7.0,13.0,1.0,1.0,1.0,1.0,0.0,0.0
0.1066002026718747,11500.0,12500.0,12000.0,2021.0,7.0,14.0,2.0,1.0,1.0,1.0,0.0,0.0
-0.29564284446280215,11500.0,12500.0,12000.0,2021.0,7.0,15.0,3.0,1.0,1.0,1.0,0.0,0.0
-0.4208307315812475,11500.0,12500.0,12000.0,2021.0,7.0,16.0,4.0,1.0,1.0,1.0,0.0,0.0
-0.9934113956147926,11500.0,12500.0,12000.0,2021.0,7.0,17.0,5.0,1.0,1.0,1.0,0.0,0.0
1.1347826853987781,11500.0,14600.0,13050.0,2021.0,7.0,19.0,0.0,1.0,1.0,1.0,0.0,0.0
-0.7040426729311731,9000.0,11000.0,10000.0,2021.0,7.0,20.0,1.0,1.0,1.0,1.0,0.0,0.0
-0.9236345404995936,11500.0,12500.0,12000.0,2021.0,7.0,22.0,3.0,1.0,1.0,1.0,0.0,0.0
0.4452231760250465,11500.0,12500.0,12000.0,2021.0,7.0,23.0,4.0,1.0,1.0,1.0,0.0,0.0
2.68423932104511,11000.0,14000.0,12500.0,2021.0,7.0,26.0,0.0,1.0,1.0,1.0,0.0,0.0
-0.32642675113127234,11000.0,14000.0,12500.0,2021.0,7.0,27.0,1.0,1.0,1.0,1.0,0.0,0.0
-0.385942304023648,11000.0,12500.0,11750.0,2021.0,7.0,28.0,2.0,1.0,1.0,1.0,0.0,0.0
0.07171177511427516,10000.0,11000.0,10500.0,2021.0,7.0,29.0,3.0,1.0,1.0,1.0,0.0,0.0
-0.20123886401282698,10000.0,12000.0,11000.0,2021.0,7.0,31.0,5.0,1.0,1.0,1.0,0.0,0.0
1.7997150694377337,10000.0,12000.0,11000.0,2021.0,8.0,2.0,0.0,1.0,1.0,1.0,0.0,0.0
0.519104552029375,11800.0,14000.0,12900.0,2021.0,8.0,3.0,1.0,1.0,1.0,1.0,0.0,0.0
0.7715325867108304,10000.0,12000.0,11000.0,2021.0,8.0,4.0,2.0,1.0,1.0,1.0,0.0,0.0
0.4349618738022232,10800.0,12500.0,11650.0,2021.0,8.0,5.0,3.0,1.0,1.0,1.0,0.0,0.0
-0.3756810018008246,10000.0,12000.0,11000.0,2021.0,8.0,6.0,4.0,1.0,1.0,1.0,0.0,0.0
-0.4782940240290585,10000.0,12000.0,11000.0,2021.0,8.0,7.0,5.0,1.0,1.0,1.0,0.0,0.0
-0.10067810222915777,11000.0,12500.0,11750.0,2021.0,8.0,9.0,0.0,1.0,1.0,1.0,0.0,0.0
1.0650058302835792,11000.0,12500.0,11750.0,2021.0,8.0,10.0,1.0,1.0,1.0,1.0,0.0,0.0
0.07992081689253389,11000.0,12500.0,11750.0,2021.0,8.0,11.0,2.0,1.0,1.0,1.0,0.0,0.0
-0.691729110263785,11000.0,12500.0,11750.0,2021.0,8.0,12.0,3.0,1.0,1.0,1.0,0.0,0.0
-0.20329112445739167,11000.0,12500.0,11750.0,2021.0,8.0,13.0,4.0,1.0,1.0,1.0,0.0,0.0
1.179932415179201,11800.0,14500.0,13150.0,2021.0,8.0,16.0,0.0,1.0,1.0,1.0,0.0,0.0
0.06145047289145178,11800.0,14500.0,13150.0,2021.0,8.0,17.0,1.0,1.0,1.0,1.0,0.0,0.0
-0.5296005351431754,11800.0,14500.0,13150.0,2021.0,8.0,19.0,3.0,1.0,1.0,1.0,0.0,0.0
-0.2545976355715086,11800.0,14500.0,13150.0,2021.0,8.0,21.0,5.0,1.0,1.0,1.0,0.0,0.0
-0.2504931146823793,11800.0,14500.0,13150.0,2021.0,8.0,23.0,0.0,1.0,1.0,1.0,0.0,0.0
-0.7245652773768199,8000.0,12300.0,10150.0,2021.0,8.0,24.0,1.0,1.0,1.0,1.0,0.0,0.0
0.2913036426826957,8000.0,12300.0,10150.0,2021.0,8.0,26.0,3.0,1.0,1.0,1.0,0.0,0.0
-1.0241953022832628,8000.0,12300.0,10150.0,2021.0,8.0,27.0,4.0,1.0,1.0,1.0,0.0,0.0
0.11070472356100405,7000.0,11500.0,9250.0,2021.0,8.0,30.0,0.0,1.0,1.0,1.0,0.0,0.0
1.173775633845507,7000.0,11500.0,9250.0,2021.0,8.0,31.0,1.0,1.0,1.0,1.0,0.0,0.0
-0.5296005351431754,12200.0,14000.0,13100.0,2021.0,9.0,1.0,2.0,1.0,1.0,1.0,0.0,0.0
-0.4598236800279764,12200.0,14000.0,13100.0,2021.0,9.0,3.0,4.0,1.0,1.0,1.0,0.0,0.0
-0.18276852001174487,12200.0,14000.0,13100.0,2021.0,9.0,4.0,5.0,1.0,1.0,1.0,0.0,0.0
-0.20329112445739167,10000.0,12500.0,11250.0,2021.0,9.0,6.0,0.0,1.0,1.0,1.0,0.0,0.0
-0.6527361618170561,10000.0,12500.0,11250.0,2021.0,9.0,7.0,1.0,1.0,1.0,1.0,0.0,0.0
1.9166939147779205,10000.0,12500.0,11250.0,2021.0,9.0,9.0,3.0,1.0,1.0,1.0,0.0,0.0
0.35902823735333006,1000.0,12500.0,11250.0,2021.0,9.0,13.0,0.0,1.0,1.0,1.0,0.0,0.0
3.9443272340078224,10000.0,12500.0,11250.0,2021.0,9.0,14.0,1.0,1.0,1.0,1.0,0.0,0.0
1.4426217520834799,12200.0,14000.0,13100.0,2021.0,9.0,15.0,2.0,1.0,1.0,1.0,0.0,0.0
1.6252729316497363,12200.0,14000.0,13100.0,2021.0,9.0,16.0,3.0,1.0,1.0,1.0,0.0,0.0
-0.5296005351431754,12200.0,14000.0,13100.0,2021.0,9.0,17.0,4.0,1.0,1.0,1.0,0.0,0.0
-0.6322135573714094,7000.0,12000.0,9500.0,2021.0,9.0,18.0,5.0,1.0,1.0,1.0,0.0,0.0
0.21331774578923796,7000.0,12000.0,9500.0,2021.0,9.0,20.0,0.0,1.0,1.0,1.0,0.0,0.0
0.12301828622839212,6000.0,12000.0,9000.0,2021.0,9.0,21.0,1.0,1.0,1.0,1.0,0.0,0.0
0.14764541156316824,6000.0,12000.0,9000.0,2021.0,9.0,22.0,2.0,1.0,1.0,1.0,0.0,0.0
0.12712280711752147,6000.0,12000.0,9000.0,2021.0,9.0,24.0,4.0,1.0,1.0,1.0,0.0,0.0
1.9885230303376842,6000.0,12000.0,9000.0,2021.0,9.0,27.0,0.0,1.0,1.0,1.0,0.0,0.0
-0.7348265795996433,6000.0,12000.0,9000.0,2021.0,9.0,28.0,1.0,1.0,1.0,1.0,0.0,0.0
-0.4249352524703769,6000.0,12000.0,9000.0,2021.0,9.0,29.0,2.0,1.0,1.0,1.0,0.0,0.0
-0.4269875129149415,600.0,12000.0,9000.0,2021.0,9.0,30.0,3.0,1.0,1.0,1.0,0.0,0.0
0.7817938889336538,6000.0,12000.0,9000.0,2021.0,10.0,1.0,4.0,1.0,1.0,1.0,0.0,0.0
0.779741628489089,6000.0,12000.0,9000.0,2021.0,10.0,4.0,0.0,1.0,1.0,1.0,0.0,0.0
0.35492371646420073,6000.0,12000.0,9000.0,2021.0,10.0,5.0,1.0,1.0,1.0,1.0,0.0,0.0
0.07376403555883984,11600.0,14000.0,12800.0,2021.0,10.0,7.0,3.0,1.0,1.0,1.0,0.0,0.0
-0.31411318846388425,11600.0,14000.0,12800.0,2021.0,10.0,8.0,4.0,1.0,1.0,1.0,0.0,0.0
0.49242516625003413,11600.0,14000.0,12800.0,2021.0,10.0,11.0,0.0,1.0,1.0,1.0,0.0,0.0
-0.2628066773497673,11800.0,14000.0,12900.0,2021.0,10.0,12.0,1.0,1.0,1.0,1.0,0.0,0.0
-0.39004682491277737,11800.0,14000.0,12900.0,2021.0,10.0,13.0,2.0,1.0,1.0,1.0,0.0,0.0
1.9556868632246494,11800.0,14000.0,12900.0,2021.0,10.0,16.0,5.0,1.0,1.0,1.0,0.0,0.0
0.06965951466971049,11800.0,14000.0,12900.0,2021.0,10.0,18.0,0.0,1.0,1.0,1.0,0.0,0.0
2.6308805494864282,11800.0,14000.0,12900.0,2021.0,10.0,21.0,3.0,1.0,1.0,1.0,0.0,0.0
-0.6014296507029392,11800.0,14000.0,12900.0,2021.0,10.0,22.0,4.0,1.0,1.0,1.0,0.0,0.0
0.4965296871391635,11800.0,14000.0,12900.0,2021.0,10.0,25.0,0.0,1.0,1.0,1.0,0.0,0.0
1.818185413438816,11800.0,14000.0,12900.0,2021.0,10.0,26.0,1.0,1.0,1.0,1.0,0.0,0.0
1.1655665920672484,11800.0,14000.0,12900.0,2021.0,10.0,27.0,2.0,1.0,1.0,1.0,0.0,0.0
-0.13967105067588664,11800.0,14000.0,12900.0,2021.0,10.0,28.0,3.0,1.0,1.0,1.0,0.0,0.0
-0.09041680000633438,6000.0,12000.0,9000.0,2021.0,10.0,29.0,4.0,1.0,1.0,1.0,0.0,0.0
0.07376403555883984,6000.0,12000.0,9000.0,2021.0,10.0,30.0,5.0,1.0,1.0,1.0,0.0,0.0
1.8510215805518508,6000.0,12000.0,9000.0,2021.0,11.0,2.0,1.0,1.0,1.0,1.0,0.0,0.0
2.7068141859353214,6000.0,12000.0,9000.0,2021.0,11.0,4.0,3.0,1.0,1.0,1.0,0.0,0.0
0.5991427093673973,6000.0,12000.0,9000.0,2021.0,11.0,8.0,0.0,1.0,1.0,1.0,0.0,0.0
-0.3962036062464714,6000.0,12000.0,9000.0,2021.0,11.0,9.0,1.0,1.0,1.0,1.0,0.0,0.0
1.9331119983344378,6000.0,12000.0,9000.0,2021.0,11.0,11.0,3.0,1.0,1.0,1.0,0.0,0.0
0.03066656622298161,6000.0,12000.0,9000.0,2021.0,11.0,12.0,4.0,1.0,1.0,1.0,0.0,0.0
1.4959805236421615,6000.0,12000.0,9000.0,2021.0,11.0,15.0,0.0,1.0,1.0,1.0,0.0,0.0
-0.4680327218062351,6000.0,12000.0,9000.0,2021.0,11.0,16.0,1.0,1.0,1.0,1.0,0.0,0.0
-0.1170961857856752,11000.0,13000.0,12000.0,2021.0,11.0,17.0,2.0,1.0,1.0,1.0,0.0,0.0
-0.7840808302691955,11000.0,13000.0,12000.0,2021.0,11.0,18.0,3.0,1.0,1.0,1.0,0.0,0.0
-0.1704549573443568,11000.0,13000.0,12000.0,2021.0,11.0,19.0,4.0,1.0,1.0,1.0,0.0,0.0
-0.9810978329474046,11000.0,13000.0,12000.0,2021.0,11.0,20.0,5.0,1.0,1.0,1.0,0.0,0.0
1.2866499582965643,11200.0,14000.0,12600.0,2021.0,11.0,23.0,1.0,1.0,1.0,1.0,0.0,0.0
0.5991427093673973,11200.0,14000.0,12600.0,2021.0,11.0,24.0,2.0,1.0,1.0,1.0,0.0,0.0
-0.940052624056111,11200.0,14000.0,12600.0,2021.0,11.0,25.0,3.0,1.0,1.0,1.0,0.0,0.0
0.5991427093673973,11200.0,14000.0,12600.0,2021.0,11.0,26.0,4.0,1.0,1.0,1.0,0.0,0.0
0.703807992040196,11200.0,14000.0,12600.0,2021.0,11.0,29.0,0.0,1.0,1.0,1.0,0.0,0.0
-0.012430903112876623,11200.0,14000.0,12600.0,2021.0,11.0,30.0,1.0,1.0,1.0,1.0,0.0,0.0
1.773035683658393,11200.0,14000.0,12600.0,2021.0,12.0,1.0,2.0,1.0,1.0,1.0,0.0,0.0
-0.01653542400200598,11200.0,14000.0,12600.0,2021.0,12.0,2.0,3.0,1.0,1.0,1.0,0.0,0.0
-0.01653542400200598,11200.0,14000.0,12600.0,2021.0,12.0,3.0,4.0,1.0,1.0,1.0,0.0,0.0
-0.30385188624106085,11200.0,14000.0,12600.0,2021.0,12.0,4.0,5.0,1.0,1.0,1.0,0.0,0.0
-0.8107602160485363,11200.0,14000.0,12600.0,2021.0,12.0,6.0,0.0,1.0,1.0,1.0,0.0,0.0
1.1245213831759548,11200.0,14000.0,12600.0,2021.0,12.0,7.0,1.0,1.0,1.0,1.0,0.0,0.0
1.2148208427368006,11200.0,14000.0,12600.0,2021.0,12.0,8.0,2.0,1.0,1.0,1.0,0.0,0.0
-0.026796726224829367,11200.0,14000.0,12600.0,2021.0,12.0,9.0,3.0,1.0,1.0,1.0,0.0,0.0
0.08607759822622792,10000.0,11000.0,10500.0,2021.0,12.0,10.0,4.0,1.0,1.0,1.0,0.0,0.0
0.531418114696763,10000.0,11000.0,10500.0,2021.0,12.0,13.0,0.0,1.0,1.0,1.0,0.0,0.0
-0.7143039751539965,10000.0,11000.0,10500.0,2021.0,12.0,14.0,1.0,1.0,1.0,1.0,0.0,0.0
-0.06168515378242889,10000.0,11000.0,10500.0,2021.0,12.0,15.0,2.0,1.0,1.0,1.0,0.0,0.0
-0.9297913218332876,10000.0,11000.0,10500.0,2021.0,12.0,16.0,3.0,1.0,1.0,1.0,0.0,0.0
-0.5296005351431754,10000.0,11000.0,10500.0,2021.0,12.0,17.0,4.0,1.0,1.0,1.0,0.0,0.0
-1.0118817396158748,10000.0,11000.0,10500.0,2021.0,12.0,18.0,5.0,1.0,1.0,1.0,0.0,0.0
-0.18276852001174487,10000.0,11000.0,10500.0,2021.0,12.0,20.0,0.0,1.0,1.0,1.0,0.0,0.0
0.13943636978490953,10000.0,11000.0,10500.0,2021.0,12.0,21.0,1.0,1.0,1.0,1.0,0.0,0.0
0.519104552029375,10000.0,11000.0,10500.0,2021.0,12.0,22.0,2.0,1.0,1.0,1.0,0.0,0.0
0.5026864684728575,12000.0,13500.0,12750.0,2021.0,12.0,23.0,3.0,1.0,1.0,1.0,0.0,0.0
-0.21970920801390909,12000.0,13500.0,12750.0,2021.0,12.0,24.0,4.0,1.0,1.0,1.0,0.0,0.0
-0.37157648091169526,12000.0,13500.0,12750.0,2021.0,12.0,27.0,0.0,1.0,1.0,1.0,0.0,0.0
-0.5296005351431754,12000.0,13500.0,12750.0,2021.0,12.0,28.0,1.0,1.0,1.0,1.0,0.0,0.0
0.7345918987086661,12000.0,13500.0,12750.0,2021.0,12.0,29.0,2.0,1.0,1.0,1.0,0.0,0.0
-0.5296005351431754,12000.0,13500.0,12750.0,2021.0,12.0,30.0,3.0,1.0,1.0,1.0,0.0,0.0
-0.8784848107191707,12000.0,13500.0,12750.0,2021.0,12.0,31.0,4.0,1.0,1.0,1.0,0.0,0.0
-0.5296005351431754,10000.0,13500.0,11750.0,2022.0,1.0,1.0,5.0,1.0,1.0,1.0,0.0,0.0
0.4226483111348351,10000.0,13500.0,11750.0,2022.0,1.0,4.0,1.0,1.0,1.0,1.0,0.0,0.0
-0.11914844623023987,10000.0,13500.0,11750.0,2022.0,1.0,6.0,3.0,1.0,1.0,1.0,0.0,0.0
0.4760070826935167,10000.0,13500.0,11750.0,2022.0,1.0,7.0,4.0,1.0,1.0,1.0,0.0,0.0
2.1629651681256816,10000.0,13500.0,11750.0,2022.0,1.0,10.0,0.0,1.0,1.0,1.0,0.0,0.0
0.4842161244717754,7000.0,11000.0,9000.0,2022.0,1.0,11.0,1.0,1.0,1.0,1.0,0.0,0.0
-0.01653542400200598,7000.0,11000.0,9000.0,2022.0,1.0,12.0,2.0,1.0,1.0,1.0,0.0,0.0
-0.4044126480247301,10500.0,12000.0,11250.0,2022.0,1.0,13.0,3.0,1.0,1.0,1.0,0.0,0.0
-0.07399871644981695,10500.0,12000.0,11250.0,2022.0,1.0,14.0,4.0,1.0,1.0,1.0,0.0,0.0
1.5903845040921367,11000.0,11600.0,11300.0,2022.0,1.0,17.0,0.0,1.0,1.0,1.0,0.0,0.0
-0.2833292817954141,11000.0,11600.0,11300.0,2022.0,1.0,18.0,1.0,1.0,1.0,1.0,0.0,0.0
0.03271882666754629,11000.0,11600.0,11300.0,2022.0,1.0,20.0,3.0,1.0,1.0,1.0,0.0,0.0
-0.20123886401282698,11000.0,11600.0,11300.0,2022.0,1.0,21.0,4.0,1.0,1.0,1.0,0.0,0.0
0.5929859280337033,11000.0,11600.0,11300.0,2022.0,1.0,24.0,0.0,1.0,1.0,1.0,0.0,0.0
-0.028848986669394047,11000.0,11600.0,11300.0,2022.0,1.0,25.0,1.0,1.0,1.0,1.0,0.0,0.0
0.047084649779499034,8000.0,11000.0,9500.0,2022.0,1.0,27.0,3.0,1.0,1.0,1.0,0.0,0.0
0.4780593431380814,8000.0,11000.0,9500.0,2022.0,1.0,28.0,4.0,1.0,1.0,1.0,0.0,0.0
0.08607759822622792,8000.0,11000.0,9500.0,2022.0,1.0,29.0,5.0,1.0,1.0,1.0,0.0,0.0
-0.4269875129149415,8000.0,11000.0,9500.0,2022.0,1.0,31.0,0.0,1.0,1.0,1.0,0.0,0.0
-0.5296005351431754,8000.0,11000.0,9500.0,2022.0,2.0,1.0,1.0,1.0,1.0,1.0,0.0,0.0
-0.030901247113958724,8000.0,11000.0,9500.0,2022.0,2.0,2.0,2.0,1.0,1.0,1.0,0.0,0.0
-0.13761879023132198,8000.0,11000.0,9500.0,2022.0,2.0,4.0,4.0,1.0,1.0,1.0,0.0,0.0
-0.4413533360268943,8000.0,11000.0,9500.0,2022.0,2.0,5.0,5.0,1.0,1.0,1.0,0.0,0.0
-0.6240045155931506,8000.0,11000.0,9500.0,2022.0,2.0,7.0,0.0,1.0,1.0,1.0,0.0,0.0
-0.264858937794332,9000.0,12000.0,10500.0,2022.0,2.0,8.0,1.0,1.0,1.0,1.0,0.0,0.0
-0.5296005351431754,9000.0,12000.0,10500.0,2022.0,2.0,9.0,2.0,1.0,1.0,1.0,0.0,0.0
-0.35105387646604846,10000.0,11000.0,10500.0,2022.0,2.0,10.0,3.0,1.0,1.0,1.0,0.0,0.0
0.36928953957615346,10000.0,11000.0,10500.0,2022.0,2.0,11.0,4.0,1.0,1.0,1.0,0.0,0.0
0.35697597690876537,9500.0,11000.0,10250.0,2022.0,2.0,14.0,0.0,1.0,1.0,1.0,0.0,0.0
-0.13967105067588664,9500.0,11000.0,10250.0,2022.0,2.0,15.0,1.0,1.0,1.0,1.0,0.0,0.0
-0.8435963831615712,9500.0,11000.0,10250.0,2022.0,2.0,16.0,2.0,1.0,1.0,1.0,0.0,0.0
0.31387850757290714,9500.0,11000.0,10250.0,2022.0,2.0,17.0,3.0,1.0,1.0,1.0,0.0,0.0
0.18458609956533245,9500.0,11000.0,10250.0,2022.0,2.0,18.0,4.0,1.0,1.0,1.0,0.0,0.0
-0.5254960142540461,9500.0,11000.0,10250.0,2022.0,2.0,19.0,5.0,1.0,1.0,1.0,0.0,0.0
0.1886906204544618,9500.0,11000.0,10250.0,2022.0,2.0,21.0,0.0,1.0,1.0,1.0,0.0,0.0
-0.01653542400200598,9500.0,11000.0,10250.0,2022.0,2.0,22.0,1.0,1.0,1.0,1.0,0.0,0.0
1.167618852511813,9500.0,11000.0,10250.0,2022.0,2.0,23.0,2.0,1.0,1.0,1.0,0.0,0.0
-0.5254960142540461,12000.0,13000.0,12500.0,2022.0,2.0,24.0,3.0,1.0,1.0,1.0,0.0,0.0
2.3312505245799855,12000.0,13000.0,12500.0,2022.0,2.0,28.0,0.0,1.0,1.0,1.0,0.0,0.0
2.5405810899255825,8800.0,12000.0,10400.0,2022.0,3.0,2.0,2.0,1.0,1.0,1.0,0.0,0.0
0.12712280711752147,8800.0,12000.0,10400.0,2022.0,3.0,3.0,3.0,1.0,1.0,1.0,0.0,0.0
0.4349618738022232,8800.0,12000.0,10400.0,2022.0,3.0,4.0,4.0,1.0,1.0,1.0,0.0,0.0
0.05529369155775775,8800.0,12000.0,10400.0,2022.0,3.0,5.0,5.0,1.0,1.0,1.0,0.0,0.0
1.3728448969682807,8800.0,12000.0,10400.0,2022.0,3.0,7.0,0.0,1.0,1.0,1.0,0.0,0.0
-0.5296005351431754,8800.0,12000.0,10400.0,2022.0,3.0,8.0,1.0,1.0,1.0,1.0,0.0,0.0
0.6094040115902207,8800.0,12000.0,10400.0,2022.0,3.0,9.0,2.0,1.0,1.0,1.0,0.0,0.0
-0.010378642668311944,8800.0,12000.0,10400.0,2022.0,3.0,10.0,3.0,1.0,1.0,1.0,0.0,0.0
-0.49881662847470526,8800.0,12000.0,10400.0,2022.0,3.0,11.0,4.0,1.0,1.0,1.0,0.0,0.0
3.137788879293904,9000.0,12000.0,10500.0,2022.0,3.0,14.0,0.0,1.0,1.0,1.0,0.0,0.0
2.2922575761332564,9000.0,12000.0,10500.0,2022.0,3.0,15.0,1.0,1.0,1.0,1.0,0.0,0.0
2.8648382401668018,9000.0,12000.0,10500.0,2022.0,3.0,16.0,2.0,1.0,1.0,1.0,0.0,0.0
3.5851816562090035,9000.0,12000.0,10500.0,2022.0,3.0,17.0,3.0,1.0,1.0,1.0,0.0,0.0
-0.40030812713560077,9000.0,12000.0,10500.0,2022.0,3.0,18.0,4.0,1.0,1.0,1.0,0.0,0.0
0.15585445334142697,9000.0,12000.0,10500.0,2022.0,3.0,19.0,5.0,1.0,1.0,1.0,0.0,0.0
0.3282443306848599,9000.0,12000.0,10500.0,2022.0,3.0,21.0,0.0,1.0,1.0,1.0,0.0,0.0
-0.443405596471459,6500.0,12500.0,9500.0,2022.0,3.0,22.0,1.0,1.0,1.0,1.0,0.0,0.0
-0.9995681769484867,6500.0,12500.0,9500.0,2022.0,3.0,23.0,2.0,1.0,1.0,1.0,0.0,0.0
-0.5254960142540461,6000.0,7000.0,6500.0,2022.0,3.0,25.0,4.0,1.0,1.0,1.0,0.0,0.0
1.6355342338725596,6000.0,7000.0,6500.0,2022.0,3.0,28.0,0.0,1.0,1.0,1.0,0.0,0.0
0.5991427093673973,8500.0,9000.0,8750.0,2022.0,3.0,29.0,1.0,1.0,1.0,1.0,0.0,0.0
1.2045595405139773,8500.0,9000.0,8750.0,2022.0,3.0,30.0,2.0,1.0,1.0,1.0,0.0,0.0
1.524712169866067,8500.0,9000.0,8750.0,2022.0,3.0,31.0,3.0,1.0,1.0,1.0,0.0,0.0
-0.8661712480517826,8500.0,9000.0,8750.0,2022.0,4.0,1.0,4.0,1.0,1.0,1.0,0.0,0.0
1.996732072115943,8500.0,9000.0,8750.0,2022.0,4.0,4.0,0.0,1.0,1.0,1.0,0.0,0.0
-0.5254960142540461,8500.0,9000.0,8750.0,2022.0,4.0,5.0,1.0,1.0,1.0,1.0,0.0,0.0
-0.5254960142540461,7000.0,7500.0,7250.0,2022.0,4.0,6.0,2.0,1.0,1.0,1.0,0.0,0.0
-0.01653542400200598,7000.0,7500.0,7250.0,2022.0,4.0,7.0,3.0,1.0,1.0,1.0,0.0,0.0
-0.22176146845847378,7000.0,7500.0,7250.0,2022.0,4.0,8.0,4.0,1.0,1.0,1.0,0.0,0.0
0.8105255351575592,7000.0,7500.0,7250.0,2022.0,4.0,11.0,0.0,1.0,1.0,1.0,0.0,0.0
-0.3962036062464714,7000.0,7500.0,7250.0,2022.0,4.0,12.0,1.0,1.0,1.0,1.0,0.0,0.0
0.8844069111618876,7000.0,11000.0,9000.0,2022.0,4.0,16.0,5.0,1.0,1.0,1.0,0.0,0.0
0.23384035023488473,7000.0,11000.0,9000.0,2022.0,4.0,18.0,0.0,1.0,1.0,1.0,0.0,0.0
0.6832853875945492,7000.0,11000.0,9000.0,2022.0,4.0,19.0,1.0,1.0,1.0,1.0,0.0,0.0
0.08607759822622792,7000.0,11000.0,9000.0,2022.0,4.0,20.0,2.0,1.0,1.0,1.0,0.0,0.0
-0.6958336311529143,7000.0,11000.0,9000.0,2022.0,4.0,22.0,4.0,1.0,1.0,1.0,0.0,0.0
2.6452463725983812,7000.0,11000.0,9000.0,2022.0,4.0,25.0,0.0,1.0,1.0,1.0,0.0,0.0
1.021908360947721,7000.0,11000.0,9000.0,2022.0,4.0,26.0,1.0,1.0,1.0,1.0,0.0,0.0
0.2071609644555439,6000.0,12000.0,9000.0,2022.0,4.0,28.0,3.0,1.0,1.0,1.0,0.0,0.0
-0.5316527955877401,6000.0,12000.0,9000.0,2022.0,4.0,30.0,5.0,1.0,1.0,1.0,0.0,0.0
-0.697885891597479,6000.0,12000.0,9000.0,2022.0,5.0,4.0,2.0,1.0,1.0,1.0,0.0,0.0
1.7915060276594752,6000.0,11000.0,8500.0,2022.0,5.0,5.0,3.0,1.0,1.0,1.0,0.0,0.0
-0.5726980044790336,6000.0,11000.0,8500.0,2022.0,5.0,6.0,4.0,1.0,1.0,1.0,0.0,0.0
-0.46392820091710574,6000.0,11000.0,8500.0,2022.0,5.0,7.0,5.0,1.0,1.0,1.0,0.0,0.0
-0.9441571449452404,7000.0,11000.0,9000.0,2022.0,5.0,9.0,0.0,1.0,1.0,1.0,0.0,0.0
1.7135201307660173,7000.0,11000.0,9000.0,2022.0,5.0,10.0,1.0,1.0,1.0,1.0,0.0,0.0
0.13943636978490953,7000.0,11000.0,9000.0,2022.0,5.0,11.0,2.0,1.0,1.0,1.0,0.0,0.0
0.006039440888205478,7000.0,10200.0,8600.0,2022.0,5.0,12.0,3.0,1.0,1.0,1.0,0.0,0.0
-0.7101994542648671,7000.0,10200.0,8600.0,2022.0,5.0,13.0,4.0,1.0,1.0,1.0,0.0,0.0
0.5622020213652332,7000.0,10200.0,8600.0,2022.0,5.0,16.0,0.0,1.0,1.0,1.0,0.0,0.0
-0.3120609280193196,5000.0,6000.0,5500.0,2022.0,5.0,18.0,2.0,1.0,1.0,1.0,0.0,0.0
-0.06784193511612292,5000.0,6000.0,5500.0,2022.0,5.0,19.0,3.0,1.0,1.0,1.0,0.0,0.0
0.30566946579464843,5000.0,6000.0,5500.0,2022.0,5.0,20.0,4.0,1.0,1.0,1.0,0.0,0.0
-0.9626274889463224,5000.0,6000.0,5500.0,2022.0,5.0,23.0,0.0,1.0,1.0,1.0,0.0,0.0
0.3077217262392131,5000.0,6000.0,5500.0,2022.0,5.0,24.0,1.0,1.0,1.0,1.0,0.0,0.0
-0.5296005351431754,5000.0,6000.0,5500.0,2022.0,5.0,25.0,2.0,1.0,1.0,1.0,0.0,0.0
-0.5460186186996928,5000.0,6000.0,5500.0,2022.0,5.0,26.0,3.0,1.0,1.0,1.0,0.0,0.0
0.5786201049217506,5000.0,6000.0,5500.0,2022.0,5.0,30.0,0.0,1.0,1.0,1.0,0.0,0.0
0.17637705778707374,5000.0,5500.0,5250.0,2022.0,5.0,31.0,1.0,1.0,1.0,1.0,0.0,0.0
-0.9585229680571932,5000.0,5500.0,5250.0,2022.0,6.0,1.0,2.0,1.0,1.0,1.0,0.0,0.0
-0.5337050560323048,5000.0,5500.0,5250.0,2022.0,6.0,2.0,3.0,1.0,1.0,1.0,0.0,0.0
-0.5296005351431754,5000.0,5500.0,5250.0,2022.0,6.0,3.0,4.0,1.0,1.0,1.0,0.0,0.0
-0.4269875129149415,5000.0,5500.0,5250.0,2022.0,6.0,4.0,5.0,1.0,1.0,1.0,0.0,0.0
-0.37978552268995397,8000.0,8500.0,8250.0,2022.0,6.0,6.0,0.0,1.0,1.0,1.0,0.0,0.0
1.1778801547346365,8000.0,8500.0,8250.0,2022.0,6.0,7.0,1.0,1.0,1.0,1.0,0.0,0.0
1.2435524889607061,8000.0,8500.0,8250.0,2022.0,6.0,8.0,2.0,1.0,1.0,1.0,0.0,0.0
1.830498976106204,8000.0,8500.0,8250.0,2022.0,6.0,9.0,3.0,1.0,1.0,1.0,0.0,0.0
-0.9380003636115464,8000.0,8500.0,8250.0,2022.0,6.0,10.0,4.0,1.0,1.0,1.0,0.0,0.0
1.4877714818639027,8000.0,8500.0,8250.0,2022.0,6.0,13.0,0.0,1.0,1.0,1.0,0.0,0.0
-0.1170961857856752,8000.0,8500.0,8250.0,2022.0,6.0,14.0,1.0,1.0,1.0,1.0,0.0,0.0
0.9151908178303577,8000.0,8500.0,8250.0,2022.0,6.0,15.0,2.0,1.0,1.0,1.0,0.0,0.0
2.07882248989853,8000.0,8500.0,8250.0,2022.0,6.0,16.0,3.0,1.0,1.0,1.0,0.0,0.0
0.9664973289444747,5500.0,6550.0,6025.0,2022.0,6.0,17.0,4.0,1.0,1.0,1.0,0.0,0.0
-0.0021696008900532336,5500.0,6550.0,6025.0,2022.0,6.0,18.0,5.0,1.0,1.0,1.0,0.0,0.0
1.0732148720618377,5000.0,9000.0,7000.0,2022.0,6.0,20.0,0.0,1.0,1.0,1.0,0.0,0.0
1.0054902773912036,5000.0,9000.0,7000.0,2022.0,6.0,21.0,1.0,1.0,1.0,1.0,0.0,0.0
-0.01653542400200598,5000.0,9000.0,7000.0,2022.0,6.0,22.0,2.0,1.0,1.0,1.0,0.0,0.0
-0.5316527955877401,5000.0,9000.0,7000.0,2022.0,6.0,24.0,4.0,1.0,1.0,1.0,0.0,0.0
1.0834761742846613,5000.0,9000.0,7000.0,2022.0,6.0,27.0,0.0,1.0,1.0,1.0,0.0,0.0
-0.21150016623565038,5000.0,5500.0,5250.0,2022.0,6.0,28.0,1.0,1.0,1.0,1.0,0.0,0.0
-0.3120609280193196,5000.0,5500.0,5250.0,2022.0,6.0,29.0,2.0,1.0,1.0,1.0,0.0,0.0
0.49858194758372815,5000.0,10000.0,7500.0,2022.0,6.0,30.0,3.0,1.0,1.0,1.0,0.0,0.0
0.4965296871391635,5000.0,10000.0,7500.0,2022.0,7.0,1.0,4.0,1.0,1.0,1.0,0.0,0.0
-0.5542276604779516,5000.0,10000.0,7500.0,2022.0,7.0,2.0,5.0,1.0,1.0,1.0,0.0,0.0
-0.6096386924811978,5000.0,10000.0,7500.0,2022.0,7.0,4.0,0.0,1.0,1.0,1.0,0.0,0.0
-0.5029211493638346,4500.0,5500.0,5000.0,2022.0,7.0,5.0,1.0,1.0,1.0,1.0,0.0,0.0
-0.21150016623565038,4500.0,5500.0,5000.0,2022.0,7.0,6.0,2.0,1.0,1.0,1.0,0.0,0.0
-0.9810978329474046,4500.0,5500.0,5000.0,2022.0,7.0,7.0,3.0,1.0,1.0,1.0,0.0,0.0
-0.7225130169322551,5000.0,5300.0,5150.0,2022.0,7.0,11.0,0.0,1.0,1.0,1.0,0.0,0.0
0.01219622222189951,5000.0,6200.0,5600.0,2022.0,7.0,12.0,1.0,1.0,1.0,1.0,0.0,0.0
-0.5296005351431754,5000.0,6200.0,5600.0,2022.0,7.0,13.0,2.0,1.0,1.0,1.0,0.0,0.0
-0.041162549336782116,5000.0,6200.0,5600.0,2022.0,7.0,14.0,3.0,1.0,1.0,1.0,0.0,0.0
1.6355342338725596,5000.0,6200.0,5600.0,2022.0,7.0,15.0,4.0,1.0,1.0,1.0,0.0,0.0
-0.9810978329474046,5000.0,6200.0,5600.0,2022.0,7.0,16.0,5.0,1.0,1.0,1.0,0.0,0.0
0.6812331271499845,5000.0,6200.0,5600.0,2022.0,7.0,18.0,0.0,1.0,1.0,1.0,0.0,0.0
1.1901937174020245,5000.0,10000.0,7500.0,2022.0,7.0,19.0,1.0,1.0,1.0,1.0,0.0,0.0
0.6401879182586909,5000.0,6200.0,5600.0,2022.0,7.0,20.0,2.0,1.0,1.0,1.0,0.0,0.0
-0.4269875129149415,5000.0,6200.0,5600.0,2022.0,7.0,21.0,3.0,1.0,1.0,1.0,0.0,0.0
-0.5316527955877401,5000.0,6200.0,5600.0,2022.0,7.0,22.0,4.0,1.0,1.0,1.0,0.0,0.0
0.9767586311672981,5000.0,10000.0,7500.0,2022.0,7.0,25.0,0.0,1.0,1.0,1.0,0.0,0.0
0.5498884586978451,5000.0,10000.0,7500.0,2022.0,7.0,26.0,1.0,1.0,1.0,1.0,0.0,0.0
-0.5296005351431754,5000.0,6200.0,5600.0,2022.0,7.0,27.0,2.0,1.0,1.0,1.0,0.0,0.0
-0.5296005351431754,5000.0,6200.0,5600.0,2022.0,7.0,28.0,3.0,1.0,1.0,1.0,0.0,0.0
-0.7122517147094318,5000.0,6200.0,5600.0,2022.0,7.0,29.0,4.0,1.0,1.0,1.0,0.0,0.0
-0.9503139262789344,5000.0,6200.0,5600.0,2022.0,7.0,30.0,5.0,1.0,1.0,1.0,0.0,0.0
1.9392687796681318,5000.0,10000.0,7500.0,2022.0,8.0,1.0,0.0,1.0,1.0,1.0,0.0,0.0
0.36928953957615346,5000.0,10000.0,7500.0,2022.0,8.0,2.0,1.0,1.0,1.0,1.0,0.0,0.0
-0.5296005351431754,5000.0,10000.0,7500.0,2022.0,8.0,3.0,2.0,1.0,1.0,1.0,0.0,0.0
-0.3756810018008246,5000.0,10000.0,7500.0,2022.0,8.0,4.0,3.0,1.0,1.0,1.0,0.0,0.0
-0.9441571449452404,5000.0,10000.0,7500.0,2022.0,8.0,5.0,4.0,1.0,1.0,1.0,0.0,0.0
-0.48855532625188186,5000.0,6200.0,5600.0,2022.0,8.0,6.0,5.0,1.0,1.0,1.0,0.0,0.0
-0.5275482746986108,5000.0,6200.0,5600.0,2022.0,8.0,8.0,0.0,1.0,1.0,1.0,0.0,0.0
0.6873899084836785,5100.0,10000.0,7550.0,2022.0,8.0,10.0,2.0,1.0,1.0,1.0,0.0,0.0
4.2767934260273,5100.0,10000.0,7550.0,2022.0,8.0,11.0,3.0,1.0,1.0,1.0,0.0,0.0
-0.9154254987213348,5100.0,10000.0,7550.0,2022.0,8.0,12.0,4.0,1.0,1.0,1.0,0.0,0.0
1.709415609876888,5100.0,10000.0,7550.0,2022.0,8.0,16.0,1.0,1.0,1.0,1.0,0.0,0.0
-0.4618759404725411,5100.0,10000.0,7550.0,2022.0,8.0,17.0,2.0,1.0,1.0,1.0,0.0,0.0
1.918746175222485,5000.0,12000.0,8500.0,2022.0,8.0,18.0,3.0,1.0,1.0,1.0,0.0,0.0
-0.1725072177889215,5000.0,12000.0,8500.0,2022.0,8.0,19.0,4.0,1.0,1.0,1.0,0.0,0.0
0.01424848266646419,5000.0,12000.0,8500.0,2022.0,8.0,20.0,5.0,1.0,1.0,1.0,0.0,0.0
0.5847768862554447,5000.0,8000.0,6500.0,2022.0,8.0,22.0,0.0,1.0,1.0,1.0,0.0,0.0
0.2584674755696609,5000.0,8000.0,6500.0,2022.0,8.0,23.0,1.0,1.0,1.0,1.0,0.0,0.0
0.04298012889036968,5000.0,8000.0,6500.0,2022.0,8.0,24.0,2.0,1.0,1.0,1.0,0.0,0.0
1.1984027591802833,5700.0,10000.0,7850.0,2022.0,8.0,25.0,3.0,1.0,1.0,1.0,0.0,0.0
1.110155560064002,5700.0,10000.0,7850.0,2022.0,8.0,26.0,4.0,1.0,1.0,1.0,0.0,0.0
1.524712169866067,5700.0,10000.0,7850.0,2022.0,8.0,29.0,0.0,1.0,1.0,1.0,0.0,0.0
-0.7040426729311731,5000.0,6000.0,5500.0,2022.0,8.0,30.0,1.0,1.0,1.0,1.0,0.0,0.0
0.5026864684728575,5500.0,10000.0,7750.0,2022.0,9.0,1.0,3.0,1.0,1.0,1.0,0.0,0.0
0.5026864684728575,5500.0,10000.0,7750.0,2022.0,9.0,2.0,4.0,1.0,1.0,1.0,0.0,0.0
0.9849676729455569,5200.0,10000.0,7600.0,2022.0,9.0,5.0,0.0,1.0,1.0,1.0,0.0,0.0
-0.8374396018278771,5200.0,10000.0,7600.0,2022.0,9.0,7.0,2.0,1.0,1.0,1.0,0.0,0.0
-0.3962036062464714,5200.0,10000.0,7600.0,2022.0,9.0,8.0,3.0,1.0,1.0,1.0,0.0,0.0
-0.5296005351431754,5200.0,10000.0,7600.0,2022.0,9.0,9.0,4.0,1.0,1.0,1.0,0.0,0.0
-0.2094479057910857,5000.0,6500.0,5750.0,2022.0,9.0,12.0,0.0,1.0,1.0,1.0,0.0,0.0
-0.19302982223456827,5000.0,6500.0,5750.0,2022.0,9.0,13.0,1.0,1.0,1.0,1.0,0.0,0.0
0.07786855644796921,5000.0,6500.0,5750.0,2022.0,9.0,14.0,2.0,1.0,1.0,1.0,0.0,0.0
-0.5296005351431754,5000.0,6500.0,5750.0,2022.0,9.0,15.0,3.0,1.0,1.0,1.0,0.0,0.0
-1.0385611253952156,5000.0,6500.0,5750.0,2022.0,9.0,16.0,4.0,1.0,1.0,1.0,0.0,0.0
-0.8990074151648174,5000.0,6500.0,5750.0,2022.0,9.0,17.0,5.0,1.0,1.0,1.0,0.0,0.0
0.17637705778707374,5000.0,6500.0,5750.0,2022.0,9.0,19.0,0.0,1.0,1.0,1.0,0.0,0.0
1.1122078205085668,5000.0,6500.0,5750.0,2022.0,9.0,20.0,1.0,1.0,1.0,1.0,0.0,0.0
0.25025843379140217,5000.0,6500.0,5750.0,2022.0,9.0,21.0,2.0,1.0,1.0,1.0,0.0,0.0
0.08607759822622792,5000.0,6500.0,5750.0,2022.0,9.0,22.0,3.0,1.0,1.0,1.0,0.0,0.0
0.08607759822622792,5000.0,6500.0,5750.0,2022.0,9.0,23.0,4.0,1.0,1.0,1.0,0.0,0.0
3.0310713361765407,5000.0,6500.0,5750.0,2022.0,9.0,26.0,0.0,1.0,1.0,1.0,0.0,0.0
3.384060132641665,5000.0,6500.0,5750.0,2022.0,9.0,27.0,1.0,1.0,1.0,1.0,0.0,0.0
0.7181738151521487,5000.0,6500.0,5750.0,2022.0,9.0,28.0,2.0,1.0,1.0,1.0,0.0,0.0
0.4965296871391635,5000.0,6500.0,5750.0,2022.0,9.0,29.0,3.0,1.0,1.0,1.0,0.0,0.0
-0.5296005351431754,4900.0,10000.0,7450.0,2022.0,9.0,30.0,4.0,1.0,1.0,1.0,0.0,0.0
0.1886906204544618,4900.0,10000.0,7450.0,2022.0,10.0,1.0,5.0,1.0,1.0,1.0,0.0,0.0
-0.5296005351431754,4900.0,10000.0,7450.0,2022.0,10.0,3.0,0.0,1.0,1.0,1.0,0.0,0.0
2.1834877725713286,4900.0,10000.0,7450.0,2022.0,10.0,6.0,3.0,1.0,1.0,1.0,0.0,0.0
-0.640422599149668,4900.0,10000.0,7450.0,2022.0,10.0,7.0,4.0,1.0,1.0,1.0,0.0,0.0
0.23999713156857874,5000.0,10000.0,7500.0,2022.0,10.0,10.0,0.0,1.0,1.0,1.0,0.0,0.0
-0.4269875129149415,5000.0,10000.0,7500.0,2022.0,10.0,11.0,1.0,1.0,1.0,1.0,0.0,0.0
-0.3962036062464714,5000.0,10000.0,7500.0,2022.0,10.0,12.0,2.0,1.0,1.0,1.0,0.0,0.0
-0.6116909529257626,5000.0,10000.0,7500.0,2022.0,10.0,13.0,3.0,1.0,1.0,1.0,0.0,0.0
0.09428664000448662,5000.0,10000.0,7500.0,2022.0,10.0,15.0,5.0,1.0,1.0,1.0,0.0,0.0
-0.4269875129149415,5000.0,10000.0,7500.0,2022.0,10.0,17.0,0.0,1.0,1.0,1.0,0.0,0.0
0.6401879182586909,5500.0,5800.0,5650.0,2022.0,10.0,18.0,1.0,1.0,1.0,1.0,0.0,0.0
1.8612828827746741,5500.0,5800.0,5650.0,2022.0,10.0,20.0,3.0,1.0,1.0,1.0,0.0,0.0
0.01424848266646419,5500.0,5800.0,5650.0,2022.0,10.0,21.0,4.0,1.0,1.0,1.0,0.0,0.0
0.19484740178815585,5500.0,5800.0,5650.0,2022.0,10.0,27.0,3.0,1.0,1.0,1.0,0.0,0.0
-0.4269875129149415,5500.0,5800.0,5650.0,2022.0,10.0,28.0,4.0,1.0,1.0,1.0,0.0,0.0
0.6319788764804323,5500.0,5800.0,5650.0,2022.0,10.0,29.0,5.0,1.0,1.0,1.0,0.0,0.0
1.1963504987357185,5000.0,6000.0,5500.0,2022.0,11.0,2.0,2.0,1.0,1.0,1.0,0.0,0.0
-0.17455947823348616,5000.0,6000.0,5500.0,2022.0,11.0,3.0,3.0,1.0,1.0,1.0,0.0,0.0
0.1250705466729568,5000.0,6000.0,5500.0,2022.0,11.0,4.0,4.0,1.0,1.0,1.0,0.0,0.0
-0.9503139262789344,5000.0,6000.0,5500.0,2022.0,11.0,5.0,5.0,1.0,1.0,1.0,0.0,0.0
-0.4269875129149415,5000.0,6000.0,5500.0,2022.0,11.0,7.0,0.0,1.0,1.0,1.0,0.0,0.0
-1.0057249582821808,5000.0,6000.0,5500.0,2022.0,11.0,8.0,1.0,1.0,1.0,1.0,0.0,0.0
-1.0057249582821808,5000.0,6000.0,5500.0,2022.0,11.0,9.0,2.0,1.0,1.0,1.0,0.0,0.0
0.843361702270594,5000.0,6000.0,5500.0,2022.0,11.0,14.0,0.0,1.0,1.0,1.0,0.0,0.0
2.0706134481202714,5000.0,8000.0,6500.0,2022.0,11.0,15.0,1.0,1.0,1.0,1.0,0.0,0.0
1.2230298845150593,5000.0,8000.0,6500.0,2022.0,11.0,16.0,2.0,1.0,1.0,1.0,0.0,0.0
0.4575367386924346,5000.0,8000.0,6500.0,2022.0,11.0,17.0,3.0,1.0,1.0,1.0,0.0,0.0
-0.8456486436061358,5000.0,8000.0,6500.0,2022.0,11.0,18.0,4.0,1.0,1.0,1.0,0.0,0.0
0.22563130845662602,5000.0,8000.0,6500.0,2022.0,11.0,19.0,5.0,1.0,1.0,1.0,0.0,0.0
-0.7348265795996433,4700.0,7000.0,5850.0,2022.0,11.0,21.0,0.0,1.0,1.0,1.0,0.0,0.0
-0.020639944891135336,4700.0,7000.0,5850.0,2022.0,11.0,22.0,1.0,1.0,1.0,1.0,0.0,0.0
-0.5296005351431754,4000.0,7000.0,5500.0,2022.0,11.0,24.0,3.0,1.0,1.0,1.0,0.0,0.0
-0.3838900435790833,4000.0,7000.0,5500.0,2022.0,11.0,25.0,4.0,1.0,1.0,1.0,0.0,0.0
2.3045711388006445,4000.0,7000.0,5500.0,2022.0,11.0,28.0,0.0,1.0,1.0,1.0,0.0,0.0
1.1963504987357185,4800.0,8000.0,6400.0,2022.0,11.0,30.0,2.0,1.0,1.0,1.0,0.0,0.0
-0.030901247113958724,4800.0,8000.0,6400.0,2022.0,12.0,1.0,3.0,1.0,1.0,1.0,0.0,0.0
0.6011949698119621,4800.0,8000.0,6400.0,2022.0,12.0,2.0,4.0,1.0,1.0,1.0,0.0,0.0
-0.9256868009441582,4800.0,8000.0,6400.0,2022.0,12.0,3.0,5.0,1.0,1.0,1.0,0.0,0.0
0.21947452712293197,4800.0,8000.0,6400.0,2022.0,12.0,5.0,0.0,1.0,1.0,1.0,0.0,0.0
0.08607759822622792,4800.0,8000.0,6400.0,2022.0,12.0,6.0,1.0,1.0,1.0,1.0,0.0,0.0
-0.4064649084692948,4800.0,8000.0,6400.0,2022.0,12.0,8.0,3.0,1.0,1.0,1.0,0.0,0.0
-0.7553491840452901,4800.0,8000.0,6400.0,2022.0,12.0,9.0,4.0,1.0,1.0,1.0,0.0,0.0
2.8525246774994137,4800.0,8000.0,6400.0,2022.0,12.0,12.0,0.0,1.0,1.0,1.0,0.0,0.0
0.35492371646420073,4800.0,8000.0,6400.0,2022.0,12.0,13.0,1.0,1.0,1.0,1.0,0.0,0.0
0.11686150489469808,4700.0,9000.0,6850.0,2022.0,12.0,14.0,2.0,1.0,1.0,1.0,0.0,0.0
0.6607105227043377,4700.0,9000.0,6850.0,2022.0,12.0,15.0,3.0,1.0,1.0,1.0,0.0,0.0
0.08607759822622792,4700.0,9000.0,6850.0,2022.0,12.0,16.0,4.0,1.0,1.0,1.0,0.0,0.0
-0.9195300196104642,4700.0,9000.0,6850.0,2022.0,12.0,17.0,5.0,1.0,1.0,1.0,0.0,0.0
-0.6178477342594566,4500.0,10000.0,7250.0,2022.0,12.0,19.0,0.0,1.0,1.0,1.0,0.0,0.0
1.1819846756237657,4500.0,10000.0,7250.0,2022.0,12.0,20.0,1.0,1.0,1.0,1.0,0.0,0.0
-0.34079257424322507,4500.0,10000.0,7250.0,2022.0,12.0,22.0,3.0,1.0,1.0,1.0,0.0,0.0
0.7079125129293253,4900.0,10000.0,7450.0,2022.0,12.0,26.0,0.0,1.0,1.0,1.0,0.0,0.0
-0.9790455725028399,4900.0,10000.0,7450.0,2022.0,12.0,27.0,1.0,1.0,1.0,1.0,0.0,0.0
0.9500792453879573,4800.0,10000.0,7400.0,2022.0,12.0,28.0,2.0,1.0,1.0,1.0,0.0,0.0
-0.4269875129149415,4800.0,10000.0,7400.0,2022.0,12.0,29.0,3.0,1.0,1.0,1.0,0.0,0.0
1.836655757439898,4800.0,10000.0,7400.0,2022.0,12.0,31.0,5.0,1.0,1.0,1.0,0.0,0.0
1.830498976106204,4800.0,10000.0,7400.0,2023.0,1.0,2.0,0.0,1.0,1.0,1.0,0.0,0.0
-0.21355242668021504,4800.0,10000.0,7400.0,2023.0,1.0,4.0,2.0,1.0,1.0,1.0,0.0,0.0
-0.2628066773497673,4600.0,10000.0,7300.0,2023.0,1.0,5.0,3.0,1.0,1.0,1.0,0.0,0.0
0.20305644356641456,5000.0,5200.0,5100.0,2023.0,1.0,9.0,0.0,1.0,1.0,1.0,0.0,0.0
-0.8846415920528647,5000.0,5200.0,5100.0,2023.0,1.0,10.0,1.0,1.0,1.0,1.0,0.0,0.0
-0.9934113956147926,5000.0,5200.0,5100.0,2023.0,1.0,12.0,3.0,1.0,1.0,1.0,0.0,0.0
-0.634265817815974,5000.0,5200.0,5100.0,2023.0,1.0,13.0,4.0,1.0,1.0,1.0,0.0,0.0
3.843766472224153,5000.0,5200.0,5100.0,2023.0,1.0,16.0,0.0,1.0,1.0,1.0,0.0,0.0
0.07376403555883984,5000.0,5200.0,5100.0,2023.0,1.0,17.0,1.0,1.0,1.0,1.0,0.0,0.0
0.25025843379140217,5000.0,5200.0,5100.0,2023.0,1.0,18.0,2.0,1.0,1.0,1.0,0.0,0.0
0.0881298586707926,5000.0,5200.0,5100.0,2023.0,1.0,19.0,3.0,1.0,1.0,1.0,0.0,0.0
1.307172562742211,5000.0,5200.0,5100.0,2023.0,1.0,20.0,4.0,1.0,1.0,1.0,0.0,0.0
0.5396271564750217,5400.0,10000.0,7700.0,2023.0,1.0,23.0,0.0,1.0,1.0,1.0,0.0,0.0
0.9151908178303577,5400.0,10000.0,7700.0,2023.0,1.0,24.0,1.0,1.0,1.0,1.0,0.0,0.0
0.17637705778707374,5400.0,10000.0,7700.0,2023.0,1.0,27.0,4.0,1.0,1.0,1.0,0.0,0.0
1.4918760027530322,5400.0,10000.0,7700.0,2023.0,1.0,31.0,1.0,1.0,1.0,1.0,0.0,0.0
-0.037058028447652755,5400.0,10000.0,7700.0,2023.0,2.0,1.0,2.0,1.0,1.0,1.0,0.0,0.0
-0.8949028942756881,5400.0,10000.0,7700.0,2023.0,2.0,2.0,3.0,1.0,1.0,1.0,0.0,0.0
-1.0016204373930513,4800.0,10000.0,7400.0,2023.0,2.0,3.0,4.0,1.0,1.0,1.0,0.0,0.0
-0.9872546142810986,10500.0,11500.0,11000.0,2023.0,2.0,4.0,5.0,1.0,1.0,1.0,0.0,0.0
-0.5296005351431754,4800.0,10000.0,7400.0,2023.0,2.0,6.0,0.0,1.0,1.0,1.0,0.0,0.0
-0.5296005351431754,4800.0,10000.0,7400.0,2023.0,2.0,7.0,1.0,1.0,1.0,1.0,0.0,0.0
0.1702202764533797,4800.0,10000.0,7400.0,2023.0,2.0,8.0,2.0,1.0,1.0,1.0,0.0,0.0
-0.4126216898029888,4800.0,10000.0,7400.0,2023.0,2.0,9.0,3.0,1.0,1.0,1.0,0.0,0.0
-0.4269875129149415,4800.0,10000.0,7400.0,2023.0,2.0,10.0,4.0,1.0,1.0,1.0,0.0,0.0
-0.18687304090087425,4800.0,10000.0,7400.0,2023.0,2.0,13.0,0.0,1.0,1.0,1.0,0.0,0.0
-0.4269875129149415,4800.0,10000.0,7400.0,2023.0,2.0,16.0,3.0,1.0,1.0,1.0,0.0,0.0
-0.16019365512153344,4800.0,10000.0,7400.0,2023.0,2.0,20.0,0.0,1.0,1.0,1.0,0.0,0.0
1.7504608187681816,4800.0,10000.0,7400.0,2023.0,2.0,23.0,3.0,1.0,1.0,1.0,0.0,0.0
-0.4208307315812475,4800.0,10000.0,7400.0,2023.0,2.0,24.0,4.0,1.0,1.0,1.0,0.0,0.0
-0.9810978329474046,4800.0,5400.0,5100.0,2023.0,2.0,27.0,0.0,1.0,1.0,1.0,0.0,0.0
-0.4269875129149415,4800.0,5400.0,5100.0,2023.0,3.0,2.0,3.0,1.0,1.0,1.0,0.0,0.0
-0.34489709513235445,4800.0,5400.0,5100.0,2023.0,3.0,3.0,4.0,1.0,1.0,1.0,0.0,0.0
0.32619207024029523,4800.0,5400.0,5100.0,2023.0,3.0,6.0,0.0,1.0,1.0,1.0,0.0,0.0
0.6237698347021735,4800.0,5400.0,5100.0,2023.0,3.0,7.0,1.0,1.0,1.0,1.0,0.0,0.0
0.16611575556425034,4800.0,5400.0,5100.0,2023.0,3.0,8.0,2.0,1.0,1.0,1.0,0.0,0.0
0.8823546507173229,5400.0,5700.0,5550.0,2023.0,3.0,9.0,3.0,1.0,1.0,1.0,0.0,0.0
0.07171177511427516,5400.0,5700.0,5550.0,2023.0,3.0,10.0,4.0,1.0,1.0,1.0,0.0,0.0
0.0224575244447229,5400.0,5700.0,5550.0,2023.0,3.0,13.0,0.0,1.0,1.0,1.0,0.0,0.0
-0.621952255148586,5400.0,5700.0,5550.0,2023.0,3.0,14.0,1.0,1.0,1.0,1.0,0.0,0.0
0.6853376480391139,5400.0,5700.0,5550.0,2023.0,3.0,15.0,2.0,1.0,1.0,1.0,0.0,0.0
0.3651850186870241,5400.0,5700.0,5550.0,2023.0,3.0,16.0,3.0,1.0,1.0,1.0,0.0,0.0
-0.5296005351431754,5400.0,5700.0,5550.0,2023.0,3.0,17.0,4.0,1.0,1.0,1.0,0.0,0.0
1.9864707698931194,5000.0,5500.0,5250.0,2023.0,3.0,18.0,5.0,1.0,1.0,1.0,0.0,0.0
1.7812447254366517,5000.0,5500.0,5250.0,2023.0,3.0,20.0,0.0,1.0,1.0,1.0,0.0,0.0
1.3174338649650346,5000.0,5500.0,5250.0,2023.0,3.0,21.0,1.0,1.0,1.0,1.0,0.0,0.0
2.996182908618941,5000.0,5500.0,5250.0,2023.0,3.0,23.0,3.0,1.0,1.0,1.0,0.0,0.0
3.2609245059677843,5000.0,5500.0,5250.0,2023.0,3.0,28.0,1.0,1.0,1.0,1.0,0.0,0.0
-0.5296005351431754,5000.0,5500.0,5250.0,2023.0,3.0,29.0,2.0,1.0,1.0,1.0,0.0,0.0
0.35287145601963604,5000.0,5500.0,5250.0,2023.0,3.0,30.0,3.0,1.0,1.0,1.0,0.0,0.0
0.21331774578923796,5000.0,5500.0,5250.0,2023.0,3.0,31.0,4.0,1.0,1.0,1.0,0.0,0.0
1.385158459635669,5000.0,5500.0,5250.0,2023.0,4.0,1.0,5.0,1.0,1.0,1.0,0.0,0.0
0.14764541156316824,6500.0,7000.0,6750.0,2023.0,4.0,3.0,0.0,1.0,1.0,1.0,0.0,0.0
-0.4680327218062351,6500.0,7000.0,6750.0,2023.0,4.0,5.0,2.0,1.0,1.0,1.0,0.0,0.0
0.7120170338184547,6500.0,7000.0,6750.0,2023.0,4.0,6.0,3.0,1.0,1.0,1.0,0.0,0.0
1.251761530738965,6500.0,7000.0,6750.0,2023.0,4.0,10.0,0.0,1.0,1.0,1.0,0.0,0.0
0.8146300560466886,6500.0,7000.0,6750.0,2023.0,4.0,11.0,1.0,1.0,1.0,1.0,0.0,0.0
-0.6732587662627029,6500.0,7000.0,6750.0,2023.0,4.0,12.0,2.0,1.0,1.0,1.0,0.0,0.0
-0.8969551547202528,6500.0,7000.0,6750.0,2023.0,4.0,15.0,5.0,1.0,1.0,1.0,0.0,0.0
-0.31616544890844894,6500.0,7000.0,6750.0,2023.0,4.0,17.0,0.0,1.0,1.0,1.0,0.0,0.0
-0.03911028889221744,5500.0,6500.0,6000.0,2023.0,4.0,18.0,1.0,1.0,1.0,1.0,0.0,0.0
-0.9749410516137106,5500.0,6500.0,6000.0,2023.0,4.0,19.0,2.0,1.0,1.0,1.0,0.0,0.0
-0.01653542400200598,5500.0,6500.0,6000.0,2023.0,4.0,20.0,3.0,1.0,1.0,1.0,0.0,0.0
-0.13967105067588664,5500.0,6500.0,6000.0,2023.0,4.0,21.0,4.0,1.0,1.0,1.0,0.0,0.0
-0.9810978329474046,5500.0,6500.0,6000.0,2023.0,4.0,24.0,0.0,1.0,1.0,1.0,0.0,0.0
-0.3100086675747549,5500.0,6500.0,6000.0,2023.0,4.0,25.0,1.0,1.0,1.0,1.0,0.0,0.0
-0.014483163557441302,5500.0,6500.0,6000.0,2023.0,4.0,26.0,2.0,1.0,1.0,1.0,0.0,0.0
0.8043687538238652,5500.0,6500.0,6000.0,2023.0,4.0,27.0,3.0,1.0,1.0,1.0,0.0,0.0
-0.5296005351431754,5500.0,6500.0,6000.0,2023.0,4.0,28.0,4.0,1.0,1.0,1.0,0.0,0.0
-0.5296005351431754,5500.0,6500.0,6000.0,2023.0,4.0,29.0,5.0,1.0,1.0,1.0,0.0,0.0
2.809427208163555,6300.0,10000.0,8150.0,2023.0,5.0,2.0,1.0,1.0,1.0,1.0,0.0,0.0
-0.4269875129149415,6300.0,10000.0,8150.0,2023.0,5.0,3.0,2.0,1.0,1.0,1.0,0.0,0.0
0.9459747244988279,6300.0,10000.0,8150.0,2023.0,5.0,4.0,3.0,1.0,1.0,1.0,0.0,0.0
-0.01653542400200598,6300.0,10000.0,8150.0,2023.0,5.0,6.0,5.0,1.0,1.0,1.0,0.0,0.0
-0.45366689869428234,6300.0,10000.0,8150.0,2023.0,5.0,8.0,0.0,1.0,1.0,1.0,0.0,0.0
0.12712280711752147,6300.0,10000.0,8150.0,2023.0,5.0,9.0,1.0,1.0,1.0,1.0,0.0,0.0
0.703807992040196,6300.0,10000.0,8150.0,2023.0,5.0,11.0,3.0,1.0,1.0,1.0,0.0,0.0
0.7386964195977955,6300.0,10000.0,8150.0,2023.0,5.0,15.0,0.0,1.0,1.0,1.0,0.0,0.0
1.0054902773912036,6300.0,10000.0,8150.0,2023.0,5.0,16.0,1.0,1.0,1.0,1.0,0.0,0.0
0.4185437902457057,6300.0,10000.0,8150.0,2023.0,5.0,17.0,2.0,1.0,1.0,1.0,0.0,0.0
1.8140808925496865,6300.0,10000.0,8150.0,2023.0,5.0,18.0,3.0,1.0,1.0,1.0,0.0,0.0
-0.18276852001174487,6300.0,10000.0,8150.0,2023.0,5.0,19.0,4.0,1.0,1.0,1.0,0.0,0.0
-0.5419140978105635,6000.0,6400.0,6200.0,2023.0,5.0,20.0,5.0,1.0,1.0,1.0,0.0,0.0
-0.5419140978105635,6000.0,6400.0,6200.0,2023.0,5.0,22.0,0.0,1.0,1.0,1.0,0.0,0.0
0.2995126844609544,6000.0,6400.0,6200.0,2023.0,5.0,23.0,1.0,1.0,1.0,1.0,0.0,0.0
-0.03500576800308808,6500.0,10000.0,8250.0,2023.0,5.0,26.0,4.0,1.0,1.0,1.0,0.0,0.0
-0.07605097689438163,6500.0,10000.0,8250.0,2023.0,5.0,29.0,0.0,1.0,1.0,1.0,0.0,0.0
-0.9297913218332876,6500.0,10000.0,8250.0,2023.0,5.0,30.0,1.0,1.0,1.0,1.0,0.0,0.0
0.13943636978490953,6500.0,10000.0,8250.0,2023.0,6.0,1.0,3.0,1.0,1.0,1.0,0.0,0.0
-0.9728887911691458,6500.0,10000.0,8250.0,2023.0,6.0,2.0,4.0,1.0,1.0,1.0,0.0,0.0
0.1066002026718747,6500.0,7500.0,7000.0,2023.0,6.0,6.0,1.0,1.0,1.0,1.0,0.0,0.0
-0.9934113956147926,6500.0,7500.0,7000.0,2023.0,6.0,7.0,2.0,1.0,1.0,1.0,0.0,0.0
-0.6732587662627029,6500.0,7500.0,7000.0,2023.0,6.0,8.0,3.0,1.0,1.0,1.0,0.0,0.0
-0.5398618373659988,6500.0,7500.0,7000.0,2023.0,6.0,9.0,4.0,1.0,1.0,1.0,0.0,0.0
1.0588490489498852,6500.0,7500.0,7000.0,2023.0,6.0,12.0,0.0,1.0,1.0,1.0,0.0,0.0
1.6088548480932188,6000.0,10000.0,8000.0,2023.0,6.0,13.0,1.0,1.0,1.0,1.0,0.0,0.0
-0.4269875129149415,6000.0,10000.0,8000.0,2023.0,6.0,14.0,2.0,1.0,1.0,1.0,0.0,0.0
0.40007344624462365,6000.0,10000.0,8000.0,2023.0,6.0,15.0,3.0,1.0,1.0,1.0,0.0,0.0
-0.20123886401282698,6000.0,10000.0,8000.0,2023.0,6.0,16.0,4.0,1.0,1.0,1.0,0.0,0.0
0.6873899084836785,6000.0,10000.0,8000.0,2023.0,6.0,17.0,5.0,1.0,1.0,1.0,0.0,0.0
-0.4577714195834117,6000.0,10000.0,8000.0,2023.0,6.0,19.0,0.0,1.0,1.0,1.0,0.0,0.0
0.49858194758372815,6000.0,10000.0,8000.0,2023.0,6.0,20.0,1.0,1.0,1.0,1.0,0.0,0.0
-0.33874031379866043,6000.0,10000.0,8000.0,2023.0,6.0,21.0,2.0,1.0,1.0,1.0,0.0,0.0
0.4842161244717754,6000.0,10000.0,8000.0,2023.0,6.0,22.0,3.0,1.0,1.0,1.0,0.0,0.0
0.40007344624462365,6000.0,10000.0,8000.0,2023.0,6.0,23.0,4.0,1.0,1.0,1.0,0.0,0.0
0.48011160358264604,6000.0,10000.0,8000.0,2023.0,6.0,26.0,0.0,1.0,1.0,1.0,0.0,0.0
0.0881298586707926,6000.0,6400.0,6200.0,2023.0,6.0,27.0,1.0,1.0,1.0,1.0,0.0,0.0
-0.04526707022591147,5800.0,7800.0,6800.0,2023.0,6.0,30.0,4.0,1.0,1.0,1.0,0.0,0.0
0.018353003555593547,5800.0,7800.0,6800.0,2023.0,7.0,1.0,5.0,1.0,1.0,1.0,0.0,0.0
-0.9810978329474046,5800.0,7800.0,6800.0,2023.0,7.0,3.0,0.0,1.0,1.0,1.0,0.0,0.0
0.05324143111319307,6000.0,8000.0,7000.0,2023.0,7.0,4.0,1.0,1.0,1.0,1.0,0.0,0.0
-0.5603844418116456,6000.0,8000.0,7000.0,2023.0,7.0,5.0,2.0,1.0,1.0,1.0,0.0,0.0
-0.4269875129149415,6000.0,8000.0,7000.0,2023.0,7.0,6.0,3.0,1.0,1.0,1.0,0.0,0.0
0.5580975004761038,6000.0,8000.0,7000.0,2023.0,7.0,7.0,4.0,1.0,1.0,1.0,0.0,0.0
-0.27922476090628473,6400.0,9000.0,7700.0,2023.0,7.0,12.0,2.0,1.0,1.0,1.0,0.0,0.0
-0.9749410516137106,6400.0,9000.0,7700.0,2023.0,7.0,13.0,3.0,1.0,1.0,1.0,0.0,0.0
-0.4269875129149415,6400.0,9000.0,7700.0,2023.0,7.0,14.0,4.0,1.0,1.0,1.0,0.0,0.0
0.08402533778166324,6400.0,9000.0,7700.0,2023.0,7.0,17.0,0.0,1.0,1.0,1.0,0.0,0.0
1.1696711129563777,7200.0,10000.0,8600.0,2023.0,7.0,19.0,2.0,1.0,1.0,1.0,0.0,0.0
2.721180009047274,7200.0,10000.0,8600.0,2023.0,7.0,20.0,3.0,1.0,1.0,1.0,0.0,0.0
0.49242516625003413,7200.0,10000.0,8600.0,2023.0,7.0,21.0,4.0,1.0,1.0,1.0,0.0,0.0
4.096194506905609,7200.0,10000.0,8600.0,2023.0,7.0,24.0,0.0,1.0,1.0,1.0,0.0,0.0
1.3400087298552459,7200.0,10000.0,8600.0,2023.0,7.0,25.0,1.0,1.0,1.0,1.0,0.0,0.0
-0.5275482746986108,6800.0,8000.0,7400.0,2023.0,7.0,26.0,2.0,1.0,1.0,1.0,0.0,0.0
-0.8825893316083,6800.0,8000.0,7400.0,2023.0,7.0,28.0,4.0,1.0,1.0,1.0,0.0,0.0
-0.4680327218062351,6800.0,8000.0,7400.0,2023.0,7.0,31.0,0.0,1.0,1.0,1.0,0.0,0.0
-0.4228829920258122,7000.0,8000.0,7500.0,2023.0,8.0,1.0,1.0,1.0,1.0,1.0,0.0,0.0
-0.5090779306975287,7000.0,8000.0,7500.0,2023.0,8.0,2.0,2.0,1.0,1.0,1.0,0.0,0.0
0.38775988357723556,7000.0,8000.0,7500.0,2023.0,8.0,3.0,3.0,1.0,1.0,1.0,0.0,0.0
-0.48855532625188186,7000.0,8000.0,7500.0,2023.0,8.0,4.0,4.0,1.0,1.0,1.0,0.0,0.0
-0.06373741422699357,7000.0,8000.0,7500.0,2023.0,8.0,5.0,5.0,1.0,1.0,1.0,0.0,0.0
1.7894537672149105,7000.0,8000.0,7500.0,2023.0,8.0,7.0,0.0,1.0,1.0,1.0,0.0,0.0
1.6540045778736416,7000.0,8000.0,7500.0,2023.0,8.0,8.0,1.0,1.0,1.0,1.0,0.0,0.0
1.703258828543194,7000.0,8000.0,7500.0,2023.0,8.0,9.0,2.0,1.0,1.0,1.0,0.0,0.0
2.2245329814626222,7000.0,8000.0,7500.0,2023.0,8.0,10.0,3.0,1.0,1.0,1.0,0.0,0.0
3.997686005566504,7000.0,8000.0,7500.0,2023.0,8.0,11.0,4.0,1.0,1.0,1.0,0.0,0.0
3.5420841868731454,8500.0,12000.0,10250.0,2023.0,8.0,16.0,2.0,1.0,1.0,1.0,0.0,0.0
1.1860891965128952,8500.0,12000.0,10250.0,2023.0,8.0,17.0,3.0,1.0,1.0,1.0,0.0,0.0
2.3312505245799855,8500.0,12000.0,10250.0,2023.0,8.0,18.0,4.0,1.0,1.0,1.0,0.0,0.0
-0.32847901157583703,8500.0,12000.0,10250.0,2023.0,8.0,19.0,5.0,1.0,1.0,1.0,0.0,0.0
0.4554844782478699,8500.0,12000.0,10250.0,2023.0,8.0,21.0,0.0,1.0,1.0,1.0,0.0,0.0
0.04298012889036968,8500.0,12000.0,10250.0,2023.0,8.0,22.0,1.0,1.0,1.0,1.0,0.0,0.0
-0.0883645395617697,8500.0,12000.0,10250.0,2023.0,8.0,23.0,2.0,1.0,1.0,1.0,0.0,0.0
-0.4310920338040709,8500.0,12000.0,10250.0,2023.0,8.0,24.0,3.0,1.0,1.0,1.0,0.0,0.0
-0.4269875129149415,8500.0,12000.0,10250.0,2023.0,8.0,25.0,4.0,1.0,1.0,1.0,0.0,0.0
-0.3017996257964962,8500.0,12000.0,10250.0,2023.0,8.0,28.0,0.0,1.0,1.0,1.0,0.0,0.0
0.14764541156316824,8500.0,12000.0,10250.0,2023.0,8.0,29.0,1.0,1.0,1.0,1.0,0.0,0.0
1.836655757439898,8800.0,9000.0,8900.0,2023.0,8.0,30.0,2.0,1.0,1.0,1.0,0.0,0.0
-0.2545976355715086,8800.0,9000.0,8900.0,2023.0,8.0,31.0,3.0,1.0,1.0,1.0,0.0,0.0
0.7017557315956313,8800.0,9000.0,8900.0,2023.0,9.0,1.0,4.0,1.0,1.0,1.0,0.0,0.0
-1.0118817396158748,8800.0,9000.0,8900.0,2023.0,9.0,2.0,5.0,1.0,1.0,1.0,0.0,0.0
-0.21150016623565038,8800.0,9200.0,9000.0,2023.0,9.0,5.0,1.0,1.0,1.0,1.0,0.0,0.0
-0.2915383235736728,8800.0,9200.0,9000.0,2023.0,9.0,6.0,2.0,1.0,1.0,1.0,0.0,0.0
1.3030680418530818,8800.0,9200.0,9000.0,2023.0,9.0,7.0,3.0,1.0,1.0,1.0,0.0,0.0
2.4071841610288787,8800.0,9200.0,9000.0,2023.0,9.0,8.0,4.0,1.0,1.0,1.0,0.0,0.0
0.12712280711752147,8800.0,9200.0,9000.0,2023.0,9.0,12.0,1.0,1.0,1.0,1.0,0.0,0.0
0.2913036426826957,9000.0,12000.0,10500.0,2023.0,9.0,13.0,2.0,1.0,1.0,1.0,0.0,0.0
-0.1622459155660981,9000.0,12000.0,10500.0,2023.0,9.0,14.0,3.0,1.0,1.0,1.0,0.0,0.0
-0.5296005351431754,9000.0,12000.0,10500.0,2023.0,9.0,15.0,4.0,1.0,1.0,1.0,0.0,0.0
1.8920667894431442,9000.0,12000.0,10500.0,2023.0,9.0,19.0,1.0,1.0,1.0,1.0,0.0,0.0
-0.4413533360268943,8800.0,10000.0,9400.0,2023.0,9.0,21.0,3.0,1.0,1.0,1.0,0.0,0.0
-0.7409833609333373,8800.0,10000.0,9400.0,2023.0,10.0,3.0,1.0,1.0,1.0,1.0,0.0,0.0
0.1907428808990265,8800.0,10000.0,9400.0,2023.0,10.0,4.0,2.0,1.0,1.0,1.0,0.0,0.0
-0.9174777591658996,8800.0,10000.0,9400.0,2023.0,10.0,5.0,3.0,1.0,1.0,1.0,0.0,0.0
0.04298012889036968,8800.0,10000.0,9400.0,2023.0,10.0,6.0,4.0,1.0,1.0,1.0,0.0,0.0
-0.8887461129419941,8800.0,10000.0,9400.0,2023.0,10.0,7.0,5.0,1.0,1.0,1.0,0.0,0.0
-0.6301612969268446,8800.0,10000.0,9000.0,2023.0,10.0,9.0,0.0,1.0,1.0,1.0,0.0,0.0
-0.9195300196104642,8800.0,10000.0,9400.0,2023.0,10.0,10.0,1.0,1.0,1.0,1.0,0.0,0.0
0.1784293182316384,8900.0,12000.0,10450.0,2023.0,10.0,11.0,2.0,1.0,1.0,1.0,0.0,0.0
1.7956105485486045,8900.0,12000.0,10450.0,2023.0,10.0,12.0,3.0,1.0,1.0,1.0,0.0,0.0
0.20305644356641456,8900.0,12000.0,10450.0,2023.0,10.0,13.0,4.0,1.0,1.0,1.0,0.0,0.0
2.5652082152603586,10100.0,10500.0,10300.0,2023.0,10.0,16.0,0.0,1.0,1.0,1.0,0.0,0.0
-0.6506839013724914,10100.0,10500.0,10300.0,2023.0,10.0,17.0,1.0,1.0,1.0,1.0,0.0,0.0
0.4329096133576585,10100.0,10500.0,10300.0,2023.0,10.0,18.0,2.0,1.0,1.0,1.0,0.0,0.0
-0.870275768940912,10100.0,10500.0,10300.0,2023.0,10.0,19.0,3.0,1.0,1.0,1.0,0.0,0.0
-0.3490016160214838,10100.0,10500.0,10300.0,2023.0,10.0,20.0,4.0,1.0,1.0,1.0,0.0,0.0
-0.3838900435790833,10100.0,10500.0,10300.0,2023.0,10.0,21.0,5.0,1.0,1.0,1.0,0.0,0.0
3.014653252620023,10100.0,10500.0,10300.0,2023.0,10.0,25.0,2.0,1.0,1.0,1.0,0.0,0.0
0.2666765173479196,8400.0,12000.0,10200.0,2023.0,10.0,26.0,3.0,1.0,1.0,1.0,0.0,0.0
-0.6322135573714094,8400.0,12000.0,10200.0,2023.0,10.0,27.0,4.0,1.0,1.0,1.0,0.0,0.0
1.9146416543333558,8400.0,12000.0,10200.0,2023.0,10.0,30.0,0.0,1.0,1.0,1.0,0.0,0.0
1.1142600809531313,8400.0,12000.0,10200.0,2023.0,10.0,31.0,1.0,1.0,1.0,1.0,0.0,0.0
-0.004221861334617912,8800.0,12000.0,10400.0,2023.0,11.0,2.0,3.0,1.0,1.0,1.0,0.0,0.0
-0.8579622062735239,8800.0,12000.0,10400.0,2023.0,11.0,3.0,4.0,1.0,1.0,1.0,0.0,0.0
0.5539929795869745,8800.0,12000.0,10400.0,2023.0,11.0,4.0,5.0,1.0,1.0,1.0,0.0,0.0
1.2456047494052709,8800.0,12000.0,10400.0,2023.0,11.0,6.0,0.0,1.0,1.0,1.0,0.0,0.0
-0.14172331112045133,8800.0,12000.0,10400.0,2023.0,11.0,7.0,1.0,1.0,1.0,1.0,0.0,0.0
-0.48855532625188186,8800.0,12000.0,10400.0,2023.0,11.0,9.0,3.0,1.0,1.0,1.0,0.0,0.0
-0.4269875129149415,8800.0,12000.0,10400.0,2023.0,11.0,10.0,4.0,1.0,1.0,1.0,0.0,0.0
-0.5254960142540461,8800.0,12000.0,10400.0,2023.0,11.0,13.0,0.0,1.0,1.0,1.0,0.0,0.0
0.7181738151521487,8800.0,12000.0,10400.0,2023.0,11.0,15.0,2.0,1.0,1.0,1.0,0.0,0.0
1.8838577476648857,8800.0,12000.0,10400.0,2023.0,11.0,16.0,3.0,1.0,1.0,1.0,0.0,0.0
-0.2833292817954141,8800.0,12000.0,10400.0,2023.0,11.0,17.0,4.0,1.0,1.0,1.0,0.0,0.0
0.028614305778416935,8800.0,12000.0,10400.0,2023.0,11.0,18.0,5.0,1.0,1.0,1.0,0.0,0.0
-0.4269875129149415,9300.0,10500.0,9900.0,2023.0,11.0,20.0,0.0,1.0,1.0,1.0,0.0,0.0
-0.32437449068670765,9300.0,10500.0,9900.0,2023.0,11.0,21.0,1.0,1.0,1.0,1.0,0.0,0.0
1.4836669609747735,8600.0,9100.0,8850.0,2023.0,11.0,22.0,2.0,1.0,1.0,1.0,0.0,0.0
0.37339406046528284,8600.0,9100.0,8850.0,2023.0,11.0,23.0,3.0,1.0,1.0,1.0,0.0,0.0
-0.5296005351431754,8600.0,9100.0,8850.0,2023.0,11.0,24.0,4.0,1.0,1.0,1.0,0.0,0.0
2.883308584167884,8600.0,9100.0,8850.0,2023.0,11.0,27.0,0.0,1.0,1.0,1.0,0.0,0.0
-0.3838900435790833,8600.0,9100.0,8850.0,2023.0,11.0,29.0,2.0,1.0,1.0,1.0,0.0,0.0
0.10044342133818066,8600.0,9100.0,8850.0,2023.0,12.0,1.0,4.0,1.0,1.0,1.0,0.0,0.0
-0.45366689869428234,8600.0,9100.0,8850.0,2023.0,12.0,4.0,0.0,1.0,1.0,1.0,0.0,0.0
0.5273135938076337,9200.0,13000.0,11100.0,2023.0,12.0,5.0,1.0,1.0,1.0,1.0,0.0,0.0
0.32208754935116585,9200.0,13000.0,11100.0,2023.0,12.0,6.0,2.0,1.0,1.0,1.0,0.0,0.0
-0.46392820091710574,9200.0,13000.0,11100.0,2023.0,12.0,7.0,3.0,1.0,1.0,1.0,0.0,0.0
0.32413980979573054,9200.0,13000.0,11100.0,2023.0,12.0,8.0,4.0,1.0,1.0,1.0,0.0,0.0
4.153657799353419,9200.0,13000.0,11100.0,2023.0,12.0,11.0,0.0,1.0,1.0,1.0,0.0,0.0
0.8659365671608055,9200.0,13000.0,11100.0,2023.0,12.0,12.0,1.0,1.0,1.0,1.0,0.0,0.0
-0.15814139467696875,9200.0,13000.0,11100.0,2023.0,12.0,13.0,2.0,1.0,1.0,1.0,0.0,0.0
-0.8538576853843945,9200.0,13000.0,11100.0,2023.0,12.0,14.0,3.0,1.0,1.0,1.0,0.0,0.0
-0.8784848107191707,9200.0,13000.0,11100.0,2023.0,12.0,15.0,4.0,1.0,1.0,1.0,0.0,0.0
-0.1642981760106628,9200.0,13000.0,11100.0,2023.0,12.0,16.0,5.0,1.0,1.0,1.0,0.0,0.0
-0.3654196995780012,8800.0,12000.0,10400.0,2023.0,12.0,18.0,0.0,1.0,1.0,1.0,0.0,0.0
0.5622020213652332,8800.0,12000.0,10400.0,2023.0,12.0,19.0,1.0,1.0,1.0,1.0,0.0,0.0
-0.9113209778322056,8800.0,12000.0,10400.0,2023.0,12.0,21.0,3.0,1.0,1.0,1.0,0.0,0.0
0.0593982124468871,8800.0,12000.0,10400.0,2023.0,12.0,26.0,1.0,1.0,1.0,1.0,0.0,0.0
-0.582959306701857,8000.0,9000.0,8500.0,2023.0,12.0,27.0,2.0,1.0,1.0,1.0,0.0,0.0
-0.6486316409279268,8000.0,9000.0,8500.0,2023.0,12.0,28.0,3.0,1.0,1.0,1.0,0.0,0.0
-0.9810978329474046,8000.0,9000.0,8500.0,2023.0,12.0,29.0,4.0,1.0,1.0,1.0,0.0,0.0
-0.01653542400200598,8000.0,9000.0,8500.0,2023.0,12.0,30.0,5.0,1.0,1.0,1.0,0.0,0.0
-0.8025511742702776,13000.0,14100.0,13550.0,2021.0,7.0,4.0,6.0,1.0,1.0,0.0,1.0,0.0
-1.0324043440615216,13000.0,14100.0,13550.0,2021.0,7.0,5.0,0.0,1.0,1.0,0.0,1.0,0.0
-0.9646797493908872,13000.0,14100.0,13550.0,2021.0,7.0,7.0,2.0,1.0,1.0,0.0,1.0,0.0
-0.9031119360539468,13000.0,14100.0,13550.0,2021.0,7.0,8.0,3.0,1.0,1.0,0.0,1.0,0.0
-1.0180385209495688,13000.0,14100.0,13550.0,2021.0,7.0,9.0,4.0,1.0,1.0,0.0,1.0,0.0
-0.9831500933919692,13000.0,14000.0,13400.0,2021.0,7.0,13.0,1.0,1.0,1.0,0.0,1.0,0.0
-0.8620667271626533,13000.0,14000.0,13400.0,2021.0,7.0,16.0,4.0,1.0,1.0,0.0,1.0,0.0
-0.7656104862681135,13000.0,14200.0,13600.0,2021.0,7.0,22.0,3.0,1.0,1.0,0.0,1.0,0.0
-0.8374396018278771,13000.0,14000.0,13500.0,2021.0,7.0,24.0,5.0,1.0,1.0,0.0,1.0,0.0
-0.6527361618170561,12000.0,12500.0,12200.0,2021.0,9.0,7.0,1.0,1.0,1.0,0.0,1.0,0.0
-0.7963943929365835,11500.0,12400.0,12000.0,2021.0,10.0,1.0,4.0,1.0,1.0,0.0,1.0,0.0
-1.0365088649506509,12000.0,12000.0,12000.0,2021.0,10.0,25.0,0.0,1.0,1.0,0.0,1.0,0.0
-0.9503139262789344,13000.0,14000.0,13000.0,2021.0,11.0,19.0,4.0,1.0,1.0,0.0,1.0,0.0
-0.9769933120582752,11000.0,12000.0,11800.0,2021.0,12.0,4.0,5.0,1.0,1.0,0.0,1.0,0.0
-1.028299823172392,9000.0,12000.0,11500.0,2021.0,12.0,7.0,1.0,1.0,1.0,0.0,1.0,0.0
-1.0365088649506509,11400.0,11400.0,11400.0,2022.0,1.0,5.0,2.0,1.0,1.0,0.0,1.0,0.0
-0.946209405389805,11000.0,11400.0,11200.0,2022.0,1.0,12.0,2.0,1.0,1.0,0.0,1.0,0.0
-0.8004989138257129,10500.0,11500.0,11000.0,2022.0,1.0,14.0,4.0,1.0,1.0,0.0,1.0,0.0
-1.0303520836169568,10500.0,11400.0,11000.0,2022.0,2.0,12.0,5.0,1.0,1.0,0.0,1.0,0.0
-1.0303520836169568,4916.0,7029.0,6086.0,2022.0,3.0,3.0,3.0,1.0,1.0,0.0,1.0,0.0
0.09223437955992195,11000.0,11000.0,11000.0,2022.0,3.0,8.0,1.0,1.0,1.0,0.0,1.0,0.0
-0.4269875129149415,6800.0,6800.0,6800.0,2022.0,3.0,10.0,3.0,1.0,1.0,0.0,1.0,0.0
-0.5296005351431754,8000.0,9000.0,8500.0,2022.0,3.0,11.0,4.0,1.0,1.0,0.0,1.0,0.0
-1.0365088649506509,11000.0,11000.0,11000.0,2022.0,3.0,12.0,5.0,1.0,1.0,0.0,1.0,0.0
0.6976512107065019,5660.0,8710.0,6607.0,2022.0,3.0,14.0,0.0,1.0,1.0,0.0,1.0,0.0
-0.01653542400200598,10900.0,11000.0,11000.0,2022.0,3.0,19.0,5.0,1.0,1.0,0.0,1.0,0.0
-0.5296005351431754,7000.0,9500.0,8250.0,2022.0,3.0,21.0,0.0,1.0,1.0,0.0,1.0,0.0
-0.864118987607218,7000.0,9500.0,8250.0,2022.0,3.0,22.0,1.0,1.0,1.0,0.0,1.0,0.0
-0.5296005351431754,7000.0,9500.0,8250.0,2022.0,3.0,25.0,4.0,1.0,1.0,0.0,1.0,0.0
-0.9893068747256633,7000.0,8500.0,7750.0,2022.0,3.0,28.0,0.0,1.0,1.0,0.0,1.0,0.0
-0.5296005351431754,7000.0,8500.0,7750.0,2022.0,3.0,29.0,1.0,1.0,1.0,0.0,1.0,0.0
-1.022143041838698,7000.0,8500.0,7750.0,2022.0,3.0,31.0,3.0,1.0,1.0,0.0,1.0,0.0
-0.9769933120582752,7500.0,11000.0,11000.0,2022.0,4.0,4.0,0.0,1.0,1.0,0.0,1.0,0.0
-0.991359135170228,7500.0,11000.0,11000.0,2022.0,4.0,14.0,3.0,1.0,1.0,0.0,1.0,0.0
-0.9380003636115464,7500.0,11000.0,11000.0,2022.0,4.0,15.0,4.0,1.0,1.0,0.0,1.0,0.0
-0.5090779306975287,7000.0,8000.0,7500.0,2022.0,4.0,29.0,4.0,1.0,1.0,0.0,1.0,0.0
-0.9995681769484867,7000.0,7000.0,7000.0,2022.0,5.0,24.0,1.0,1.0,1.0,0.0,1.0,0.0
-0.9810978329474046,5208.0,5208.0,5208.0,2022.0,7.0,28.0,3.0,1.0,1.0,0.0,1.0,0.0
-0.6712065058181382,4700.0,4700.0,4700.0,2022.0,8.0,5.0,4.0,1.0,1.0,0.0,1.0,0.0
-1.0118817396158748,6000.0,7000.0,6500.0,2022.0,9.0,2.0,4.0,1.0,1.0,0.0,1.0,0.0
-0.991359135170228,5550.0,5550.0,5550.0,2022.0,9.0,20.0,1.0,1.0,1.0,0.0,1.0,0.0
-0.691729110263785,5300.0,5300.0,5300.0,2022.0,9.0,26.0,0.0,1.0,1.0,0.0,1.0,0.0
-0.6835200684855263,5000.0,6000.0,6000.0,2022.0,11.0,1.0,1.0,1.0,1.0,0.0,1.0,0.0
-0.8374396018278771,5000.0,5800.0,5500.0,2022.0,11.0,21.0,0.0,1.0,1.0,0.0,1.0,0.0
-0.9421048845006756,6325.0,6325.0,6325.0,2023.0,2.0,25.0,5.0,1.0,1.0,0.0,1.0,0.0
-0.9072164569430762,4500.0,5500.0,5300.0,2023.0,3.0,20.0,0.0,1.0,1.0,0.0,1.0,0.0
-1.003672697837616,5500.0,6500.0,6000.0,2023.0,4.0,15.0,5.0,1.0,1.0,0.0,1.0,0.0
-1.0241953022832628,5301.0,5301.0,5301.0,2023.0,4.0,27.0,3.0,1.0,1.0,0.0,1.0,0.0
-1.0057249582821808,10500.0,10500.0,10500.0,2023.0,5.0,2.0,1.0,1.0,1.0,0.0,1.0,0.0
-0.7963943929365835,10300.0,10800.0,10500.0,2023.0,5.0,5.0,4.0,1.0,1.0,0.0,1.0,0.0
-0.9790455725028399,10950.0,11971.0,11500.0,2023.0,5.0,6.0,5.0,1.0,1.0,0.0,1.0,0.0
-1.022143041838698,5500.0,7000.0,6250.0,2023.0,5.0,22.0,0.0,1.0,1.0,0.0,1.0,0.0
-1.0077772187267453,5500.0,7000.0,6250.0,2023.0,5.0,27.0,5.0,1.0,1.0,0.0,1.0,0.0
-1.0344566045060861,5000.0,6500.0,6000.0,2023.0,5.0,30.0,1.0,1.0,1.0,0.0,1.0,0.0
-0.9872546142810986,5500.0,6500.0,6000.0,2023.0,6.0,7.0,2.0,1.0,1.0,0.0,1.0,0.0
-1.015986260505004,6000.0,7000.0,6800.0,2023.0,6.0,14.0,2.0,1.0,1.0,0.0,1.0,0.0
-0.9728887911691458,6000.0,7000.0,6500.0,2023.0,6.0,24.0,5.0,1.0,1.0,0.0,1.0,0.0
-0.8784848107191707,6000.0,8000.0,7000.0,2023.0,7.0,31.0,0.0,1.0,1.0,0.0,1.0,0.0
-1.0241953022832628,8000.0,9000.0,9000.0,2023.0,8.0,7.0,0.0,1.0,1.0,0.0,1.0,0.0
-0.9687842702800165,8000.0,9000.0,8500.0,2023.0,8.0,9.0,2.0,1.0,1.0,0.0,1.0,0.0
-1.022143041838698,8500.0,10000.0,9000.0,2023.0,8.0,26.0,5.0,1.0,1.0,0.0,1.0,0.0
-1.0303520836169568,6700.0,6700.0,6700.0,2023.0,9.0,21.0,3.0,1.0,1.0,0.0,1.0,0.0
-1.0118817396158748,6025.0,8000.0,7200.0,2023.0,10.0,11.0,2.0,1.0,1.0,0.0,1.0,0.0
-1.015986260505004,8000.0,8800.0,8000.0,2023.0,11.0,2.0,3.0,1.0,1.0,0.0,1.0,0.0
-0.9133732382767702,8000.0,8800.0,8000.0,2023.0,11.0,10.0,4.0,1.0,1.0,0.0,1.0,0.0
-0.9646797493908872,8000.0,8800.0,8000.0,2023.0,11.0,11.0,5.0,1.0,1.0,0.0,1.0,0.0
-0.9749410516137106,8500.0,9000.0,8900.0,2023.0,11.0,23.0,3.0,1.0,1.0,0.0,1.0,0.0
-1.0118817396158748,4500.0,4500.0,4500.0,2023.0,11.0,27.0,0.0,1.0,1.0,0.0,1.0,0.0
-1.0406133858397801,8000.0,12000.0,10000.0,2021.0,1.0,19.0,1.0,1.0,1.0,0.0,0.0,1.0
-1.0406133858397801,2800.0,3100.0,2950.0,2021.0,1.0,25.0,0.0,1.0,1.0,0.0,0.0,1.0
-1.0385611253952156,8000.0,12000.0,10000.0,2021.0,1.0,28.0,3.0,1.0,1.0,0.0,0.0,1.0
-1.0406133858397801,8000.0,12000.0,10000.0,2021.0,1.0,30.0,5.0,1.0,1.0,0.0,0.0,1.0
-1.0365088649506509,8000.0,12000.0,10000.0,2021.0,2.0,4.0,3.0,1.0,1.0,0.0,0.0,1.0
-1.0324043440615216,8000.0,12000.0,10000.0,2021.0,2.0,8.0,0.0,1.0,1.0,0.0,0.0,1.0
-1.0406133858397801,8000.0,12000.0,10000.0,2021.0,2.0,9.0,1.0,1.0,1.0,0.0,0.0,1.0
-1.0385611253952156,6000.0,12000.0,10000.0,2021.0,2.0,10.0,2.0,1.0,1.0,0.0,0.0,1.0
-1.0406133858397801,8000.0,12000.0,10000.0,2021.0,2.0,12.0,4.0,1.0,1.0,0.0,0.0,1.0
-1.0385611253952156,8000.0,12000.0,10000.0,2021.0,2.0,15.0,0.0,1.0,1.0,0.0,0.0,1.0
-1.022143041838698,8000.0,12000.0,10000.0,2021.0,2.0,18.0,3.0,1.0,1.0,0.0,0.0,1.0
-1.0344566045060861,8000.0,12000.0,10000.0,2021.0,2.0,19.0,4.0,1.0,1.0,0.0,0.0,1.0
-1.0406133858397801,8400.0,9800.0,9100.0,2021.0,2.0,22.0,0.0,1.0,1.0,0.0,0.0,1.0
-1.0385611253952156,8000.0,12000.0,10000.0,2021.0,2.0,23.0,1.0,1.0,1.0,0.0,0.0,1.0
-1.028299823172392,8000.0,12000.0,10000.0,2021.0,2.0,24.0,2.0,1.0,1.0,0.0,0.0,1.0
-1.0406133858397801,8000.0,12000.0,10000.0,2021.0,2.0,26.0,4.0,1.0,1.0,0.0,0.0,1.0
-1.0385611253952156,8000.0,12000.0,10000.0,2021.0,3.0,1.0,0.0,1.0,1.0,0.0,0.0,1.0
-1.0406133858397801,6000.0,12000.0,9000.0,2021.0,3.0,2.0,1.0,1.0,1.0,0.0,0.0,1.0
-1.0385611253952156,5000.0,12000.0,8500.0,2021.0,3.0,3.0,2.0,1.0,1.0,0.0,0.0,1.0
-1.0385611253952156,5000.0,12000.0,8500.0,2021.0,3.0,6.0,5.0,1.0,1.0,0.0,0.0,1.0
-1.0365088649506509,5000.0,12000.0,8500.0,2021.0,3.0,9.0,1.0,1.0,1.0,0.0,0.0,1.0
-1.0406133858397801,6000.0,12000.0,9000.0,2021.0,3.0,15.0,0.0,1.0,1.0,0.0,0.0,1.0
-1.0200907813941336,6000.0,12000.0,9000.0,2021.0,3.0,16.0,1.0,1.0,1.0,0.0,0.0,1.0
-1.0385611253952156,6000.0,12000.0,9000.0,2021.0,3.0,17.0,2.0,1.0,1.0,0.0,0.0,1.0
-1.0406133858397801,6000.0,12000.0,9000.0,2021.0,3.0,18.0,3.0,1.0,1.0,0.0,0.0,1.0
-1.0365088649506509,6000.0,12000.0,9000.0,2021.0,3.0,20.0,5.0,1.0,1.0,0.0,0.0,1.0
-1.0344566045060861,5000.0,12000.0,8500.0,2021.0,3.0,23.0,1.0,1.0,1.0,0.0,0.0,1.0
-1.0406133858397801,6000.0,12000.0,8500.0,2021.0,3.0,26.0,4.0,1.0,1.0,0.0,0.0,1.0
-1.0324043440615216,6000.0,12000.0,9000.0,2021.0,3.0,29.0,0.0,1.0,1.0,0.0,0.0,1.0
-1.028299823172392,6000.0,12000.0,9000.0,2021.0,4.0,3.0,5.0,1.0,1.0,0.0,0.0,1.0
-1.0385611253952156,6000.0,12000.0,9000.0,2021.0,4.0,6.0,1.0,1.0,1.0,0.0,0.0,1.0
-1.00982947917131,6000.0,12000.0,9000.0,2021.0,4.0,7.0,2.0,1.0,1.0,0.0,0.0,1.0
-1.0385611253952156,5000.0,12000.0,8500.0,2021.0,4.0,8.0,3.0,1.0,1.0,0.0,0.0,1.0
-1.0324043440615216,5000.0,12000.0,8500.0,2021.0,4.0,9.0,4.0,1.0,1.0,0.0,0.0,1.0
-1.0385611253952156,6000.0,12000.0,9000.0,2021.0,4.0,12.0,0.0,1.0,1.0,0.0,0.0,1.0
-1.0344566045060861,6000.0,12000.0,9000.0,2021.0,4.0,16.0,4.0,1.0,1.0,0.0,0.0,1.0
-1.0180385209495688,6000.0,12000.0,9000.0,2021.0,4.0,17.0,5.0,1.0,1.0,0.0,0.0,1.0
-1.0385611253952156,8000.0,12000.0,10000.0,2021.0,4.0,19.0,0.0,1.0,1.0,0.0,0.0,1.0
-1.0406133858397801,6000.0,12000.0,9000.0,2021.0,4.0,20.0,1.0,1.0,1.0,0.0,0.0,1.0
-1.028299823172392,8000.0,12000.0,10000.0,2021.0,4.0,21.0,2.0,1.0,1.0,0.0,0.0,1.0
-1.0385611253952156,6000.0,12000.0,9000.0,2021.0,4.0,22.0,3.0,1.0,1.0,0.0,0.0,1.0
-0.9995681769484867,6000.0,12000.0,9000.0,2021.0,4.0,23.0,4.0,1.0,1.0,0.0,0.0,1.0
-1.0200907813941336,6000.0,12000.0,9000.0,2021.0,4.0,28.0,2.0,1.0,1.0,0.0,0.0,1.0
-1.0324043440615216,8000.0,12000.0,10000.0,2021.0,4.0,29.0,3.0,1.0,1.0,0.0,0.0,1.0
-1.015986260505004,8000.0,12000.0,10000.0,2021.0,4.0,30.0,4.0,1.0,1.0,0.0,0.0,1.0
-1.0365088649506509,8000.0,12000.0,10000.0,2021.0,5.0,3.0,0.0,1.0,1.0,0.0,0.0,1.0
-1.0385611253952156,8000.0,12000.0,10000.0,2021.0,5.0,10.0,0.0,1.0,1.0,0.0,0.0,1.0
-1.0241953022832628,8000.0,12000.0,10000.0,2021.0,5.0,11.0,1.0,1.0,1.0,0.0,0.0,1.0
-1.0303520836169568,8000.0,12000.0,10000.0,2021.0,5.0,13.0,3.0,1.0,1.0,0.0,0.0,1.0
-1.0057249582821808,6000.0,12000.0,9000.0,2021.0,5.0,18.0,1.0,1.0,1.0,0.0,0.0,1.0
-1.0241953022832628,8000.0,12000.0,10000.0,2021.0,5.0,19.0,2.0,1.0,1.0,0.0,0.0,1.0
-1.0344566045060861,8000.0,12000.0,10000.0,2021.0,5.0,20.0,3.0,1.0,1.0,0.0,0.0,1.0
-1.0324043440615216,8000.0,12000.0,10000.0,2021.0,6.0,21.0,0.0,1.0,1.0,0.0,0.0,1.0
-0.9585229680571932,8400.0,9800.0,9100.0,2021.0,6.0,29.0,1.0,1.0,1.0,0.0,0.0,1.0
-1.0385611253952156,7000.0,12000.0,9500.0,2021.0,7.0,15.0,3.0,1.0,1.0,0.0,0.0,1.0
-1.028299823172392,7000.0,12500.0,9750.0,2021.0,10.0,18.0,0.0,1.0,1.0,0.0,0.0,1.0
-1.0241953022832628,7000.0,12500.0,9750.0,2021.0,11.0,12.0,4.0,1.0,1.0,0.0,0.0,1.0
-1.028299823172392,7000.0,12500.0,9250.0,2021.0,12.0,10.0,4.0,1.0,1.0,0.0,0.0,1.0
-1.0385611253952156,7000.0,12500.0,9750.0,2021.0,12.0,21.0,1.0,1.0,1.0,0.0,0.0,1.0
-1.0344566045060861,7000.0,12500.0,9750.0,2021.0,12.0,22.0,2.0,1.0,1.0,0.0,0.0,1.0
-1.0303520836169568,7000.0,12500.0,9750.0,2022.0,1.0,14.0,4.0,1.0,1.0,0.0,0.0,1.0
-1.0406133858397801,7000.0,12500.0,8750.0,2022.0,2.0,21.0,0.0,1.0,1.0,0.0,0.0,1.0
-1.0016204373930513,7000.0,12500.0,8750.0,2022.0,2.0,28.0,0.0,1.0,1.0,0.0,0.0,1.0
-1.003672697837616,7000.0,12500.0,8750.0,2022.0,3.0,25.0,4.0,1.0,1.0,0.0,0.0,1.0
-1.0324043440615216,7000.0,12500.0,9750.0,2022.0,4.0,29.0,4.0,1.0,1.0,0.0,0.0,1.0
-1.0344566045060861,5000.0,6000.0,5500.0,2023.0,2.0,27.0,0.0,1.0,1.0,0.0,0.0,1.0
-1.0200907813941336,5000.0,6000.0,5500.0,2023.0,3.0,27.0,0.0,1.0,1.0,0.0,0.0,1.0
-1.0324043440615216,5000.0,7000.0,6000.0,2023.0,4.0,18.0,1.0,1.0,1.0,0.0,0.0,1.0
-1.0324043440615216,5000.0,7000.0,6000.0,2023.0,4.0,19.0,2.0,1.0,1.0,0.0,0.0,1.0
-1.0324043440615216,5000.0,6000.0,5500.0,2023.0,5.0,4.0,3.0,1.0,1.0,0.0,0.0,1.0
-1.0303520836169568,5000.0,7000.0,5500.0,2023.0,5.0,9.0,1.0,1.0,1.0,0.0,0.0,1.0
-1.0324043440615216,5000.0,6000.0,5900.0,2023.0,5.0,22.0,0.0,1.0,1.0,0.0,0.0,1.0
-1.0303520836169568,6000.0,7200.0,6200.0,2023.0,8.0,25.0,4.0,1.0,1.0,0.0,0.0,1.0
-1.0324043440615216,6600.0,9600.0,8100.0,2023.0,9.0,21.0,3.0,1.0,1.0,0.0,0.0,1.0
-1.0324043440615216,6600.0,9600.0,8100.0,2023.0,9.0,22.0,4.0,1.0,1.0,0.0,0.0,1.0
-1.0324043440615216,6800.0,9500.0,8150.0,2023.0,10.0,9.0,0.0,1.0,1.0,0.0,0.0,1.0
-1.028299823172392,6800.0,9500.0,8150.0,2023.0,10.0,18.0,2.0,1.0,1.0,0.0,0.0,1.0
-1.0324043440615216,6800.0,9500.0,8150.0,2023.0,11.0,10.0,4.0,1.0,1.0,0.0,0.0,1.0
-1.022143041838698,5500.0,9500.0,7500.0,2023.0,11.0,17.0,4.0,1.0,1.0,0.0,0.0,1.0
-1.028299823172392,5500.0,9500.0,7500.0,2023.0,11.0,18.0,5.0,1.0,1.0,0.0,0.0,1.0
-1.0324043440615216,5500.0,9500.0,7500.0,2023.0,11.0,20.0,0.0,1.0,1.0,0.0,0.0,1.0
-1.0241953022832628,5500.0,9500.0,7500.0,2023.0,11.0,21.0,1.0,1.0,1.0,0.0,0.0,1.0
