Min,Max,Modal,Year,Month,Day,DayOfWeek,Variety_BIG (WITH SHELL),Variety_OTHER,Grade_AVERAGE,Market_BENGALURU,Market_MYSURU,Market_YADGIR
6000.0,7000.0,6500.0,2021.0,1.0,1.0,4.0,1.0,0.0,1.0,1.0,0.0,0.0
6000.0,7000.0,6500.0,2021.0,1.0,2.0,5.0,1.0,0.0,1.0,1.0,0.0,0.0
6000.0,7000.0,6500.0,2021.0,1.0,4.0,0.0,1.0,0.0,1.0,1.0,0.0,0.0
6000.0,7000.0,6500.0,2021.0,1.0,5.0,1.0,1.0,0.0,1.0,1.0,0.0,0.0
6000.0,7000.0,6500.0,2021.0,1.0,6.0,2.0,1.0,0.0,1.0,1.0,0.0,0.0
6000.0,7000.0,6500.0,2021.0,1.0,7.0,3.0,1.0,0.0,1.0,1.0,0.0,0.0
6000.0,7000.0,6500.0,2021.0,1.0,8.0,4.0,1.0,0.0,1.0,1.0,0.0,0.0
6000.0,7000.0,6500.0,2021.0,1.0,11.0,0.0,1.0,0.0,1.0,1.0,0.0,0.0
6000.0,7000.0,6500.0,2021.0,1.0,12.0,1.0,1.0,0.0,1.0,1.0,0.0,0.0
4000.0,4500.0,4250.0,2021.0,1.0,13.0,2.0,1.0,0.0,1.0,1.0,0.0,0.0
4000.0,4500.0,4250.0,2021.0,1.0,15.0,4.0,1.0,0.0,1.0,1.0,0.0,0.0
4000.0,4500.0,4250.0,2021.0,1.0,20.0,2.0,1.0,0.0,1.0,1.0,0.0,0.0
4000.0,4500.0,4250.0,2021.0,1.0,21.0,3.0,1.0,0.0,1.0,1.0,0.0,0.0
4000.0,4500.0,4250.0,2021.0,1.0,25.0,0.0,1.0,0.0,1.0,1.0,0.0,0.0
4000.0,4500.0,4250.0,2021.0,1.0,27.0,2.0,1.0,0.0,1.0,1.0,0.0,0.0
4000.0,4500.0,4250.0,2021.0,1.0,28.0,3.0,1.0,0.0,1.0,1.0,0.0,0.0
6000.0,7000.0,6500.0,2021.0,2.0,1.0,0.0,1.0,0.0,1.0,1.0,0.0,0.0
6000.0,7000.0,6500.0,2021.0,2.0,2.0,1.0,1.0,0.0,1.0,1.0,0.0,0.0
6000.0,7000.0,6500.0,2021.0,2.0,4.0,3.0,1.0,0.0,1.0,1.0,0.0,0.0
6000.0,7000.0,6500.0,2021.0,2.0,8.0,0.0,1.0,0.0,1.0,1.0,0.0,0.0
6000.0,7000.0,6500.0,2021.0,2.0,10.0,2.0,1.0,0.0,1.0,1.0,0.0,0.0
6000.0,7000.0,6500.0,2021.0,2.0,11.0,3.0,1.0,0.0,1.0,1.0,0.0,0.0
6000.0,7000.0,6500.0,2021.0,2.0,16.0,1.0,1.0,0.0,1.0,1.0,0.0,0.0
6000.0,7000.0,6500.0,2021.0,2.0,17.0,2.0,1.0,0.0,1.0,1.0,0.0,0.0
6000.0,7000.0,6500.0,2021.0,2.0,18.0,3.0,1.0,0.0,1.0,1.0,0.0,0.0
6000.0,7000.0,6500.0,2021.0,2.0,19.0,4.0,1.0,0.0,1.0,1.0,0.0,0.0
6000.0,7000.0,6500.0,2021.0,2.0,20.0,5.0,1.0,0.0,1.0,1.0,0.0,0.0
6000.0,7000.0,6500.0,2021.0,2.0,22.0,0.0,1.0,0.0,1.0,1.0,0.0,0.0
6000.0,7000.0,6500.0,2021.0,2.0,23.0,1.0,1.0,0.0,1.0,1.0,0.0,0.0
6000.0,7000.0,6500.0,2021.0,2.0,24.0,2.0,1.0,0.0,1.0,1.0,0.0,0.0
6000.0,7000.0,6500.0,2021.0,2.0,25.0,3.0,1.0,0.0,1.0,1.0,0.0,0.0
6000.0,7000.0,6500.0,2021.0,2.0,26.0,4.0,1.0,0.0,1.0,1.0,0.0,0.0
6000.0,7000.0,6500.0,2021.0,3.0,1.0,0.0,1.0,0.0,1.0,1.0,0.0,0.0
6000.0,7000.0,6500.0,2021.0,3.0,2.0,1.0,1.0,0.0,1.0,1.0,0.0,0.0
6000.0,7000.0,6500.0,2021.0,3.0,5.0,4.0,1.0,0.0,1.0,1.0,0.0,0.0
6000.0,7000.0,6500.0,2021.0,3.0,6.0,5.0,1.0,0.0,1.0,1.0,0.0,0.0
6000.0,7000.0,6500.0,2021.0,3.0,8.0,0.0,1.0,0.0,1.0,1.0,0.0,0.0
6000.0,7000.0,6500.0,2021.0,3.0,9.0,1.0,1.0,0.0,1.0,1.0,0.0,0.0
6000.0,7000.0,6500.0,2021.0,3.0,17.0,2.0,1.0,0.0,1.0,1.0,0.0,0.0
6000.0,7000.0,6500.0,2021.0,3.0,18.0,3.0,1.0,0.0,1.0,1.0,0.0,0.0
6000.0,7000.0,6500.0,2021.0,3.0,19.0,4.0,1.0,0.0,1.0,1.0,0.0,0.0
6000.0,7000.0,6500.0,2021.0,3.0,22.0,0.0,1.0,0.0,1.0,1.0,0.0,0.0
6000.0,7000.0,6500.0,2021.0,3.0,26.0,4.0,1.0,0.0,1.0,1.0,0.0,0.0
6000.0,7000.0,6500.0,2021.0,3.0,29.0,0.0,1.0,0.0,1.0,1.0,0.0,0.0
6000.0,7000.0,6500.0,2021.0,3.0,30.0,1.0,1.0,0.0,1.0,1.0,0.0,0.0
6000.0,7000.0,6500.0,2021.0,4.0,1.0,3.0,1.0,0.0,1.0,1.0,0.0,0.0
6000.0,7000.0,6500.0,2021.0,4.0,3.0,5.0,1.0,0.0,1.0,1.0,0.0,0.0
6000.0,7000.0,6500.0,2021.0,4.0,7.0,2.0,1.0,0.0,1.0,1.0,0.0,0.0
6000.0,7000.0,6500.0,2021.0,4.0,8.0,3.0,1.0,0.0,1.0,1.0,0.0,0.0
6000.0,7000.0,6500.0,2021.0,4.0,12.0,0.0,1.0,0.0,1.0,1.0,0.0,0.0
6000.0,7000.0,6500.0,2021.0,4.0,19.0,0.0,1.0,0.0,1.0,1.0,0.0,0.0
6000.0,7000.0,6500.0,2021.0,4.0,20.0,1.0,1.0,0.0,1.0,1.0,0.0,0.0
6000.0,7000.0,6500.0,2021.0,4.0,21.0,2.0,1.0,0.0,1.0,1.0,0.0,0.0
6000.0,7000.0,6500.0,2021.0,4.0,22.0,3.0,1.0,0.0,1.0,1.0,0.0,0.0
6000.0,7000.0,6500.0,2021.0,4.0,23.0,4.0,1.0,0.0,1.0,1.0,0.0,0.0
3000.0,3500.0,3250.0,2021.0,4.0,26.0,0.0,1.0,0.0,1.0,1.0,0.0,0.0
3000.0,3500.0,3250.0,2021.0,4.0,27.0,1.0,1.0,0.0,1.0,1.0,0.0,0.0
3000.0,3500.0,3250.0,2021.0,4.0,30.0,4.0,1.0,0.0,1.0,1.0,0.0,0.0
3000.0,3500.0,3250.0,2021.0,5.0,3.0,0.0,1.0,0.0,1.0,1.0,0.0,0.0
3000.0,3500.0,3250.0,2021.0,5.0,4.0,1.0,1.0,0.0,1.0,1.0,0.0,0.0
3000.0,3500.0,3250.0,2021.0,5.0,5.0,2.0,1.0,0.0,1.0,1.0,0.0,0.0
3000.0,3500.0,3250.0,2021.0,5.0,6.0,3.0,1.0,0.0,1.0,1.0,0.0,0.0
3000.0,3500.0,3250.0,2021.0,5.0,7.0,4.0,1.0,0.0,1.0,1.0,0.0,0.0
3000.0,3500.0,3250.0,2021.0,5.0,10.0,0.0,1.0,0.0,1.0,1.0,0.0,0.0
3000.0,3500.0,3250.0,2021.0,5.0,11.0,1.0,1.0,0.0,1.0,1.0,0.0,0.0
3000.0,3500.0,3250.0,2021.0,5.0,12.0,2.0,1.0,0.0,1.0,1.0,0.0,0.0
3000.0,3500.0,3250.0,2021.0,5.0,13.0,3.0,1.0,0.0,1.0,1.0,0.0,0.0
3000.0,3500.0,3250.0,2021.0,5.0,15.0,5.0,1.0,0.0,1.0,1.0,0.0,0.0
3000.0,3500.0,3250.0,2021.0,5.0,20.0,3.0,1.0,0.0,1.0,1.0,0.0,0.0
3000.0,3500.0,3250.0,2021.0,5.0,24.0,0.0,1.0,0.0,1.0,1.0,0.0,0.0
3000.0,3500.0,3250.0,2021.0,5.0,25.0,1.0,1.0,0.0,1.0,1.0,0.0,0.0
3000.0,3500.0,3250.0,2021.0,5.0,26.0,2.0,1.0,0.0,1.0,1.0,0.0,0.0
3000.0,3500.0,3250.0,2021.0,5.0,27.0,3.0,1.0,0.0,1.0,1.0,0.0,0.0
3000.0,3500.0,3250.0,2021.0,5.0,28.0,4.0,1.0,0.0,1.0,1.0,0.0,0.0
3000.0,3500.0,3250.0,2021.0,5.0,29.0,5.0,1.0,0.0,1.0,1.0,0.0,0.0
3000.0,3500.0,3250.0,2021.0,5.0,31.0,0.0,1.0,0.0,1.0,1.0,0.0,0.0
3000.0,3500.0,3250.0,2021.0,6.0,1.0,1.0,1.0,0.0,1.0,1.0,0.0,0.0
3000.0,3500.0,3250.0,2021.0,6.0,2.0,2.0,1.0,0.0,1.0,1.0,0.0,0.0
3000.0,3500.0,3250.0,2021.0,6.0,3.0,3.0,1.0,0.0,1.0,1.0,0.0,0.0
3000.0,3500.0,3250.0,2021.0,6.0,4.0,4.0,1.0,0.0,1.0,1.0,0.0,0.0
3000.0,3500.0,3250.0,2021.0,6.0,5.0,5.0,1.0,0.0,1.0,1.0,0.0,0.0
3000.0,3500.0,3250.0,2021.0,6.0,7.0,0.0,1.0,0.0,1.0,1.0,0.0,0.0
3000.0,3500.0,3250.0,2021.0,6.0,8.0,1.0,1.0,0.0,1.0,1.0,0.0,0.0
3000.0,3500.0,3250.0,2021.0,6.0,9.0,2.0,1.0,0.0,1.0,1.0,0.0,0.0
3000.0,3500.0,3250.0,2021.0,6.0,10.0,3.0,1.0,0.0,1.0,1.0,0.0,0.0
3000.0,3500.0,3250.0,2021.0,6.0,11.0,4.0,1.0,0.0,1.0,1.0,0.0,0.0
3000.0,3500.0,3250.0,2021.0,6.0,14.0,0.0,1.0,0.0,1.0,1.0,0.0,0.0
3000.0,3500.0,3250.0,2021.0,6.0,15.0,1.0,1.0,0.0,1.0,1.0,0.0,0.0
3000.0,3500.0,3250.0,2021.0,6.0,16.0,2.0,1.0,0.0,1.0,1.0,0.0,0.0
3000.0,3500.0,3250.0,2021.0,6.0,17.0,3.0,1.0,0.0,1.0,1.0,0.0,0.0
3000.0,3500.0,3250.0,2021.0,6.0,18.0,4.0,1.0,0.0,1.0,1.0,0.0,0.0
3000.0,3500.0,3250.0,2021.0,6.0,19.0,5.0,1.0,0.0,1.0,1.0,0.0,0.0
3000.0,3500.0,3250.0,2021.0,6.0,21.0,0.0,1.0,0.0,1.0,1.0,0.0,0.0
3000.0,3500.0,3250.0,2021.0,6.0,22.0,1.0,1.0,0.0,1.0,1.0,0.0,0.0
3000.0,3500.0,3250.0,2021.0,6.0,23.0,2.0,1.0,0.0,1.0,1.0,0.0,0.0
3000.0,3500.0,3250.0,2021.0,6.0,24.0,3.0,1.0,0.0,1.0,1.0,0.0,0.0
3000.0,3500.0,3250.0,2021.0,6.0,25.0,4.0,1.0,0.0,1.0,1.0,0.0,0.0
3000.0,3500.0,3250.0,2021.0,6.0,28.0,0.0,1.0,0.0,1.0,1.0,0.0,0.0
3000.0,3500.0,3250.0,2021.0,6.0,29.0,1.0,1.0,0.0,1.0,1.0,0.0,0.0
3000.0,3500.0,3250.0,2021.0,6.0,30.0,2.0,1.0,0.0,1.0,1.0,0.0,0.0
3000.0,3500.0,3250.0,2021.0,7.0,1.0,3.0,1.0,0.0,1.0,1.0,0.0,0.0
3000.0,3500.0,3250.0,2021.0,7.0,2.0,4.0,1.0,0.0,1.0,1.0,0.0,0.0
3000.0,3500.0,3250.0,2021.0,7.0,3.0,5.0,1.0,0.0,1.0,1.0,0.0,0.0
3000.0,3500.0,3250.0,2021.0,7.0,5.0,0.0,1.0,0.0,1.0,1.0,0.0,0.0
3000.0,3500.0,3250.0,2021.0,7.0,6.0,1.0,1.0,0.0,1.0,1.0,0.0,0.0
3000.0,3500.0,3250.0,2021.0,7.0,7.0,2.0,1.0,0.0,1.0,1.0,0.0,0.0
3000.0,3500.0,3250.0,2021.0,7.0,8.0,3.0,1.0,0.0,1.0,1.0,0.0,0.0
3000.0,3500.0,3250.0,2021.0,7.0,9.0,4.0,1.0,0.0,1.0,1.0,0.0,0.0
3000.0,3500.0,3250.0,2021.0,7.0,12.0,0.0,1.0,0.0,1.0,1.0,0.0,0.0
3000.0,3500.0,3250.0,2021.0,7.0,13.0,1.0,1.0,0.0,1.0,1.0,0.0,0.0
3000.0,3500.0,3250.0,2021.0,7.0,14.0,2.0,1.0,0.0,1.0,1.0,0.0,0.0
3000.0,3500.0,3250.0,2021.0,7.0,15.0,3.0,1.0,0.0,1.0,1.0,0.0,0.0
3000.0,3500.0,3250.0,2021.0,7.0,16.0,4.0,1.0,0.0,1.0,1.0,0.0,0.0
3000.0,3500.0,3250.0,2021.0,7.0,17.0,5.0,1.0,0.0,1.0,1.0,0.0,0.0
3000.0,3500.0,3250.0,2021.0,7.0,19.0,0.0,1.0,0.0,1.0,1.0,0.0,0.0
3000.0,3500.0,3250.0,2021.0,7.0,20.0,1.0,1.0,0.0,1.0,1.0,0.0,0.0
3000.0,3500.0,3250.0,2021.0,7.0,22.0,3.0,1.0,0.0,1.0,1.0,0.0,0.0
3000.0,3500.0,3250.0,2021.0,7.0,23.0,4.0,1.0,0.0,1.0,1.0,0.0,0.0
3000.0,3500.0,3250.0,2021.0,7.0,26.0,0.0,1.0,0.0,1.0,1.0,0.0,0.0
3000.0,3500.0,3250.0,2021.0,7.0,27.0,1.0,1.0,0.0,1.0,1.0,0.0,0.0
3000.0,3500.0,3250.0,2021.0,7.0,28.0,2.0,1.0,0.0,1.0,1.0,0.0,0.0
3000.0,3500.0,3250.0,2021.0,7.0,29.0,3.0,1.0,0.0,1.0,1.0,0.0,0.0
3000.0,3500.0,3250.0,2021.0,7.0,30.0,4.0,1.0,0.0,1.0,1.0,0.0,0.0
3000.0,3500.0,3250.0,2021.0,7.0,31.0,5.0,1.0,0.0,1.0,1.0,0.0,0.0
3000.0,3500.0,3250.0,2021.0,8.0,2.0,0.0,1.0,0.0,1.0,1.0,0.0,0.0
3000.0,3500.0,3250.0,2021.0,8.0,3.0,1.0,1.0,0.0,1.0,1.0,0.0,0.0
3000.0,3500.0,3250.0,2021.0,8.0,5.0,3.0,1.0,0.0,1.0,1.0,0.0,0.0
3000.0,3500.0,3250.0,2021.0,8.0,6.0,4.0,1.0,0.0,1.0,1.0,0.0,0.0
3000.0,3500.0,3250.0,2021.0,8.0,7.0,5.0,1.0,0.0,1.0,1.0,0.0,0.0
3000.0,3500.0,3250.0,2021.0,8.0,9.0,0.0,1.0,0.0,1.0,1.0,0.0,0.0
3000.0,3500.0,3250.0,2021.0,8.0,10.0,1.0,1.0,0.0,1.0,1.0,0.0,0.0
3000.0,3500.0,3250.0,2021.0,8.0,11.0,2.0,1.0,0.0,1.0,1.0,0.0,0.0
3000.0,3500.0,3250.0,2021.0,8.0,12.0,3.0,1.0,0.0,1.0,1.0,0.0,0.0
3000.0,3500.0,3250.0,2021.0,8.0,13.0,4.0,1.0,0.0,1.0,1.0,0.0,0.0
3000.0,3500.0,3250.0,2021.0,8.0,16.0,0.0,1.0,0.0,1.0,1.0,0.0,0.0
3000.0,3500.0,3250.0,2021.0,8.0,17.0,1.0,1.0,0.0,1.0,1.0,0.0,0.0
3000.0,3500.0,3250.0,2021.0,8.0,18.0,2.0,1.0,0.0,1.0,1.0,0.0,0.0
3000.0,3500.0,3250.0,2021.0,8.0,19.0,3.0,1.0,0.0,1.0,1.0,0.0,0.0
3000.0,3500.0,3250.0,2021.0,8.0,21.0,5.0,1.0,0.0,1.0,1.0,0.0,0.0
3000.0,3500.0,3250.0,2021.0,8.0,24.0,1.0,1.0,0.0,1.0,1.0,0.0,0.0
3000.0,3500.0,3250.0,2021.0,8.0,25.0,2.0,1.0,0.0,1.0,1.0,0.0,0.0
3000.0,3500.0,3250.0,2021.0,8.0,26.0,3.0,1.0,0.0,1.0,1.0,0.0,0.0
3000.0,3500.0,3250.0,2021.0,8.0,27.0,4.0,1.0,0.0,1.0,1.0,0.0,0.0
4000.0,4500.0,4250.0,2021.0,8.0,30.0,0.0,1.0,0.0,1.0,1.0,0.0,0.0
4000.0,4500.0,4250.0,2021.0,8.0,31.0,1.0,1.0,0.0,1.0,1.0,0.0,0.0
4000.0,4500.0,4250.0,2021.0,9.0,1.0,2.0,1.0,0.0,1.0,1.0,0.0,0.0
4000.0,4500.0,4250.0,2021.0,9.0,2.0,3.0,1.0,0.0,1.0,1.0,0.0,0.0
4000.0,4500.0,4250.0,2021.0,9.0,3.0,4.0,1.0,0.0,1.0,1.0,0.0,0.0
4000.0,4500.0,4250.0,2021.0,9.0,4.0,5.0,1.0,0.0,1.0,1.0,0.0,0.0
4000.0,4500.0,4250.0,2021.0,9.0,6.0,0.0,1.0,0.0,1.0,1.0,0.0,0.0
4000.0,4500.0,4250.0,2021.0,9.0,7.0,1.0,1.0,0.0,1.0,1.0,0.0,0.0
4000.0,4500.0,4250.0,2021.0,9.0,8.0,2.0,1.0,0.0,1.0,1.0,0.0,0.0
4000.0,4500.0,4250.0,2021.0,9.0,9.0,3.0,1.0,0.0,1.0,1.0,0.0,0.0
4000.0,4500.0,4250.0,2021.0,9.0,13.0,0.0,1.0,0.0,1.0,1.0,0.0,0.0
4000.0,4500.0,4250.0,2021.0,9.0,14.0,1.0,1.0,0.0,1.0,1.0,0.0,0.0
4000.0,4500.0,4250.0,2021.0,9.0,15.0,2.0,1.0,0.0,1.0,1.0,0.0,0.0
4000.0,4500.0,4250.0,2021.0,9.0,16.0,3.0,1.0,0.0,1.0,1.0,0.0,0.0
4000.0,4500.0,4250.0,2021.0,9.0,17.0,4.0,1.0,0.0,1.0,1.0,0.0,0.0
4000.0,4500.0,4250.0,2021.0,9.0,18.0,5.0,1.0,0.0,1.0,1.0,0.0,0.0
4000.0,4500.0,4250.0,2021.0,9.0,20.0,0.0,1.0,0.0,1.0,1.0,0.0,0.0
4000.0,4500.0,4250.0,2021.0,9.0,21.0,1.0,1.0,0.0,1.0,1.0,0.0,0.0
4000.0,4500.0,4250.0,2021.0,9.0,23.0,3.0,1.0,0.0,1.0,1.0,0.0,0.0
4000.0,4500.0,4250.0,2021.0,9.0,24.0,4.0,1.0,0.0,1.0,1.0,0.0,0.0
4000.0,4500.0,4250.0,2021.0,9.0,27.0,0.0,1.0,0.0,1.0,1.0,0.0,0.0
4000.0,4500.0,4250.0,2021.0,9.0,28.0,1.0,1.0,0.0,1.0,1.0,0.0,0.0
4000.0,4500.0,4250.0,2021.0,9.0,29.0,2.0,1.0,0.0,1.0,1.0,0.0,0.0
4000.0,4500.0,4250.0,2021.0,9.0,30.0,3.0,1.0,0.0,1.0,1.0,0.0,0.0
4000.0,4500.0,4250.0,2021.0,10.0,1.0,4.0,1.0,0.0,1.0,1.0,0.0,0.0
4000.0,4500.0,4250.0,2021.0,10.0,4.0,0.0,1.0,0.0,1.0,1.0,0.0,0.0
4000.0,4500.0,4250.0,2021.0,10.0,5.0,1.0,1.0,0.0,1.0,1.0,0.0,0.0
4000.0,4500.0,4250.0,2021.0,10.0,7.0,3.0,1.0,0.0,1.0,1.0,0.0,0.0
4000.0,4500.0,4250.0,2021.0,10.0,11.0,0.0,1.0,0.0,1.0,1.0,0.0,0.0
4000.0,4500.0,4250.0,2021.0,10.0,12.0,1.0,1.0,0.0,1.0,1.0,0.0,0.0
4000.0,4500.0,4250.0,2021.0,10.0,13.0,2.0,1.0,0.0,1.0,1.0,0.0,0.0
4000.0,4500.0,4250.0,2021.0,10.0,16.0,5.0,1.0,0.0,1.0,1.0,0.0,0.0
4000.0,4500.0,4250.0,2021.0,10.0,18.0,0.0,1.0,0.0,1.0,1.0,0.0,0.0
4000.0,4500.0,4250.0,2021.0,10.0,21.0,3.0,1.0,0.0,1.0,1.0,0.0,0.0
4000.0,4500.0,4250.0,2021.0,10.0,22.0,4.0,1.0,0.0,1.0,1.0,0.0,0.0
4000.0,4500.0,4250.0,2021.0,10.0,25.0,0.0,1.0,0.0,1.0,1.0,0.0,0.0
4000.0,4500.0,4250.0,2021.0,10.0,27.0,2.0,1.0,0.0,1.0,1.0,0.0,0.0
4000.0,4500.0,4250.0,2021.0,10.0,28.0,3.0,1.0,0.0,1.0,1.0,0.0,0.0
4000.0,4500.0,4250.0,2021.0,10.0,29.0,4.0,1.0,0.0,1.0,1.0,0.0,0.0
4000.0,4500.0,4250.0,2021.0,10.0,30.0,5.0,1.0,0.0,1.0,1.0,0.0,0.0
4000.0,4500.0,4250.0,2021.0,11.0,2.0,1.0,1.0,0.0,1.0,1.0,0.0,0.0
4000.0,4500.0,4250.0,2021.0,11.0,4.0,3.0,1.0,0.0,1.0,1.0,0.0,0.0
4000.0,4500.0,4250.0,2021.0,11.0,6.0,5.0,1.0,0.0,1.0,1.0,0.0,0.0
4000.0,4500.0,4250.0,2021.0,11.0,9.0,1.0,1.0,0.0,1.0,1.0,0.0,0.0
4000.0,4500.0,4250.0,2021.0,11.0,10.0,2.0,1.0,0.0,1.0,1.0,0.0,0.0
4000.0,4500.0,4250.0,2021.0,11.0,11.0,3.0,1.0,0.0,1.0,1.0,0.0,0.0
4000.0,4500.0,4250.0,2021.0,11.0,12.0,4.0,1.0,0.0,1.0,1.0,0.0,0.0
4000.0,4500.0,4250.0,2021.0,11.0,15.0,0.0,1.0,0.0,1.0,1.0,0.0,0.0
4000.0,4500.0,4250.0,2021.0,11.0,16.0,1.0,1.0,0.0,1.0,1.0,0.0,0.0
3500.0,3800.0,3650.0,2021.0,11.0,17.0,2.0,1.0,0.0,1.0,1.0,0.0,0.0
3500.0,3800.0,3650.0,2021.0,11.0,19.0,4.0,1.0,0.0,1.0,1.0,0.0,0.0
3500.0,3800.0,3650.0,2021.0,11.0,20.0,5.0,1.0,0.0,1.0,1.0,0.0,0.0
3500.0,3800.0,3650.0,2021.0,11.0,23.0,1.0,1.0,0.0,1.0,1.0,0.0,0.0
3500.0,3800.0,3650.0,2021.0,11.0,24.0,2.0,1.0,0.0,1.0,1.0,0.0,0.0
3500.0,3800.0,3650.0,2021.0,11.0,25.0,3.0,1.0,0.0,1.0,1.0,0.0,0.0
3500.0,3800.0,3650.0,2021.0,11.0,26.0,4.0,1.0,0.0,1.0,1.0,0.0,0.0
3500.0,3800.0,3650.0,2021.0,11.0,29.0,0.0,1.0,0.0,1.0,1.0,0.0,0.0
3500.0,3800.0,3650.0,2021.0,11.0,30.0,1.0,1.0,0.0,1.0,1.0,0.0,0.0
3500.0,3800.0,3650.0,2021.0,12.0,1.0,2.0,1.0,0.0,1.0,1.0,0.0,0.0
3500.0,3800.0,3650.0,2021.0,12.0,2.0,3.0,1.0,0.0,1.0,1.0,0.0,0.0
3500.0,3800.0,3650.0,2021.0,12.0,3.0,4.0,1.0,0.0,1.0,1.0,0.0,0.0
3500.0,3800.0,3650.0,2021.0,12.0,4.0,5.0,1.0,0.0,1.0,1.0,0.0,0.0
3500.0,3800.0,3650.0,2021.0,12.0,6.0,0.0,1.0,0.0,1.0,1.0,0.0,0.0
3500.0,3800.0,3650.0,2021.0,12.0,7.0,1.0,1.0,0.0,1.0,1.0,0.0,0.0
3500.0,3800.0,3650.0,2021.0,12.0,8.0,2.0,1.0,0.0,1.0,1.0,0.0,0.0
3500.0,3800.0,3650.0,2021.0,12.0,9.0,3.0,1.0,0.0,1.0,1.0,0.0,0.0
3500.0,3800.0,3650.0,2021.0,12.0,10.0,4.0,1.0,0.0,1.0,1.0,0.0,0.0
3500.0,3800.0,3650.0,2021.0,12.0,13.0,0.0,1.0,0.0,1.0,1.0,0.0,0.0
3500.0,3800.0,3550.0,2021.0,12.0,14.0,1.0,1.0,0.0,1.0,1.0,0.0,0.0
3500.0,3800.0,3650.0,2021.0,12.0,15.0,2.0,1.0,0.0,1.0,1.0,0.0,0.0
3500.0,3800.0,3650.0,2021.0,12.0,16.0,3.0,1.0,0.0,1.0,1.0,0.0,0.0
3500.0,3800.0,3650.0,2021.0,12.0,17.0,4.0,1.0,0.0,1.0,1.0,0.0,0.0
3500.0,3800.0,3650.0,2021.0,12.0,18.0,5.0,1.0,0.0,1.0,1.0,0.0,0.0
3500.0,3800.0,3650.0,2021.0,12.0,20.0,0.0,1.0,0.0,1.0,1.0,0.0,0.0
3500.0,3800.0,3650.0,2021.0,12.0,21.0,1.0,1.0,0.0,1.0,1.0,0.0,0.0
3500.0,3800.0,3650.0,2021.0,12.0,22.0,2.0,1.0,0.0,1.0,1.0,0.0,0.0
3200.0,3500.0,3350.0,2021.0,12.0,23.0,3.0,1.0,0.0,1.0,1.0,0.0,0.0
3200.0,3500.0,3350.0,2021.0,12.0,24.0,4.0,1.0,0.0,1.0,1.0,0.0,0.0
3200.0,3500.0,3350.0,2021.0,12.0,27.0,0.0,1.0,0.0,1.0,1.0,0.0,0.0
3200.0,3500.0,3350.0,2021.0,12.0,28.0,1.0,1.0,0.0,1.0,1.0,0.0,0.0
3200.0,3500.0,3350.0,2021.0,12.0,29.0,2.0,1.0,0.0,1.0,1.0,0.0,0.0
3200.0,3500.0,3350.0,2021.0,12.0,30.0,3.0,1.0,0.0,1.0,1.0,0.0,0.0
3200.0,3500.0,3350.0,2021.0,12.0,31.0,4.0,1.0,0.0,1.0,1.0,0.0,0.0
3200.0,3500.0,3350.0,2022.0,1.0,1.0,5.0,1.0,0.0,1.0,1.0,0.0,0.0
3200.0,3500.0,3350.0,2022.0,1.0,3.0,0.0,1.0,0.0,1.0,1.0,0.0,0.0
3200.0,3500.0,3350.0,2022.0,1.0,4.0,1.0,1.0,0.0,1.0,1.0,0.0,0.0
3200.0,3500.0,3350.0,2022.0,1.0,5.0,2.0,1.0,0.0,1.0,1.0,0.0,0.0
3200.0,3500.0,3350.0,2022.0,1.0,6.0,3.0,1.0,0.0,1.0,1.0,0.0,0.0
3200.0,3500.0,3350.0,2022.0,1.0,7.0,4.0,1.0,0.0,1.0,1.0,0.0,0.0
3200.0,3500.0,3350.0,2022.0,1.0,10.0,0.0,1.0,0.0,1.0,1.0,0.0,0.0
3200.0,3500.0,3350.0,2022.0,1.0,11.0,1.0,1.0,0.0,1.0,1.0,0.0,0.0
3200.0,3500.0,3350.0,2022.0,1.0,12.0,2.0,1.0,0.0,1.0,1.0,0.0,0.0
4000.0,4500.0,4250.0,2022.0,1.0,13.0,3.0,1.0,0.0,1.0,1.0,0.0,0.0
4000.0,4500.0,4250.0,2022.0,1.0,14.0,4.0,1.0,0.0,1.0,1.0,0.0,0.0
4000.0,4500.0,4250.0,2022.0,1.0,17.0,0.0,1.0,0.0,1.0,1.0,0.0,0.0
4000.0,4500.0,4250.0,2022.0,1.0,20.0,3.0,1.0,0.0,1.0,1.0,0.0,0.0
4000.0,4500.0,4250.0,2022.0,1.0,21.0,4.0,1.0,0.0,1.0,1.0,0.0,0.0
4000.0,4500.0,4250.0,2022.0,1.0,24.0,0.0,1.0,0.0,1.0,1.0,0.0,0.0
4000.0,4500.0,4250.0,2022.0,1.0,25.0,1.0,1.0,0.0,1.0,1.0,0.0,0.0
4000.0,4500.0,4250.0,2022.0,1.0,27.0,3.0,1.0,0.0,1.0,1.0,0.0,0.0
4000.0,4500.0,4250.0,2022.0,1.0,28.0,4.0,1.0,0.0,1.0,1.0,0.0,0.0
4000.0,4500.0,4250.0,2022.0,1.0,29.0,5.0,1.0,0.0,1.0,1.0,0.0,0.0
4000.0,4500.0,4250.0,2022.0,1.0,31.0,0.0,1.0,0.0,1.0,1.0,0.0,0.0
4000.0,4500.0,4250.0,2022.0,2.0,1.0,1.0,1.0,0.0,1.0,1.0,0.0,0.0
4000.0,4500.0,4250.0,2022.0,2.0,2.0,2.0,1.0,0.0,1.0,1.0,0.0,0.0
4000.0,4500.0,4250.0,2022.0,2.0,3.0,3.0,1.0,0.0,1.0,1.0,0.0,0.0
4000.0,4500.0,4250.0,2022.0,2.0,4.0,4.0,1.0,0.0,1.0,1.0,0.0,0.0
4000.0,4500.0,4250.0,2022.0,2.0,5.0,5.0,1.0,0.0,1.0,1.0,0.0,0.0
4000.0,4500.0,4250.0,2022.0,2.0,7.0,0.0,1.0,0.0,1.0,1.0,0.0,0.0
4000.0,4500.0,4250.0,2022.0,2.0,14.0,0.0,1.0,0.0,1.0,1.0,0.0,0.0
4000.0,4500.0,4250.0,2022.0,2.0,16.0,2.0,1.0,0.0,1.0,1.0,0.0,0.0
4000.0,5000.0,4500.0,2022.0,2.0,17.0,3.0,1.0,0.0,1.0,1.0,0.0,0.0
4000.0,5000.0,4500.0,2022.0,2.0,18.0,4.0,1.0,0.0,1.0,1.0,0.0,0.0
4000.0,5000.0,4500.0,2022.0,2.0,19.0,5.0,1.0,0.0,1.0,1.0,0.0,0.0
4000.0,5000.0,4500.0,2022.0,2.0,23.0,2.0,1.0,0.0,1.0,1.0,0.0,0.0
4500.0,4800.0,4650.0,2022.0,2.0,24.0,3.0,1.0,0.0,1.0,1.0,0.0,0.0
4500.0,4800.0,4650.0,2022.0,2.0,25.0,4.0,1.0,0.0,1.0,1.0,0.0,0.0
4500.0,4800.0,4650.0,2022.0,2.0,28.0,0.0,1.0,0.0,1.0,1.0,0.0,0.0
4500.0,4800.0,4650.0,2022.0,3.0,2.0,2.0,1.0,0.0,1.0,1.0,0.0,0.0
4500.0,4800.0,4650.0,2022.0,3.0,3.0,3.0,1.0,0.0,1.0,1.0,0.0,0.0
4500.0,4800.0,4650.0,2022.0,3.0,5.0,5.0,1.0,0.0,1.0,1.0,0.0,0.0
4500.0,4800.0,4650.0,2022.0,3.0,7.0,0.0,1.0,0.0,1.0,1.0,0.0,0.0
4500.0,4800.0,4650.0,2022.0,3.0,8.0,1.0,1.0,0.0,1.0,1.0,0.0,0.0
4500.0,4800.0,4650.0,2022.0,3.0,9.0,2.0,1.0,0.0,1.0,1.0,0.0,0.0
4500.0,4800.0,4650.0,2022.0,3.0,10.0,3.0,1.0,0.0,1.0,1.0,0.0,0.0
4500.0,4800.0,4650.0,2022.0,3.0,14.0,0.0,1.0,0.0,1.0,1.0,0.0,0.0
4500.0,4800.0,4650.0,2022.0,3.0,15.0,1.0,1.0,0.0,1.0,1.0,0.0,0.0
4500.0,4800.0,4650.0,2022.0,3.0,16.0,2.0,1.0,0.0,1.0,1.0,0.0,0.0
4500.0,4800.0,4650.0,2022.0,3.0,17.0,3.0,1.0,0.0,1.0,1.0,0.0,0.0
4500.0,4800.0,4650.0,2022.0,3.0,18.0,4.0,1.0,0.0,1.0,1.0,0.0,0.0
4500.0,4800.0,4650.0,2022.0,3.0,19.0,5.0,1.0,0.0,1.0,1.0,0.0,0.0
4500.0,4800.0,4650.0,2022.0,3.0,21.0,0.0,1.0,0.0,1.0,1.0,0.0,0.0
4500.0,4800.0,4650.0,2022.0,3.0,22.0,1.0,1.0,0.0,1.0,1.0,0.0,0.0
4500.0,4800.0,4550.0,2022.0,3.0,25.0,4.0,1.0,0.0,1.0,1.0,0.0,0.0
4500.0,4800.0,4650.0,2022.0,3.0,28.0,0.0,1.0,0.0,1.0,1.0,0.0,0.0
3800.0,4000.0,3900.0,2022.0,4.0,4.0,0.0,1.0,0.0,1.0,1.0,0.0,0.0
3800.0,4000.0,3900.0,2022.0,4.0,5.0,1.0,1.0,0.0,1.0,1.0,0.0,0.0
3800.0,4000.0,3900.0,2022.0,4.0,6.0,2.0,1.0,0.0,1.0,1.0,0.0,0.0
3800.0,4000.0,3900.0,2022.0,4.0,7.0,3.0,1.0,0.0,1.0,1.0,0.0,0.0
3800.0,4000.0,3900.0,2022.0,4.0,8.0,4.0,1.0,0.0,1.0,1.0,0.0,0.0
3800.0,4000.0,3900.0,2022.0,4.0,11.0,0.0,1.0,0.0,1.0,1.0,0.0,0.0
3800.0,4000.0,3900.0,2022.0,4.0,13.0,2.0,1.0,0.0,1.0,1.0,0.0,0.0
3800.0,4000.0,3900.0,2022.0,4.0,16.0,5.0,1.0,0.0,1.0,1.0,0.0,0.0
3800.0,4000.0,3900.0,2022.0,4.0,18.0,0.0,1.0,0.0,1.0,1.0,0.0,0.0
3800.0,4000.0,3900.0,2022.0,4.0,20.0,2.0,1.0,0.0,1.0,1.0,0.0,0.0
3800.0,4000.0,3900.0,2022.0,4.0,22.0,4.0,1.0,0.0,1.0,1.0,0.0,0.0
3800.0,4000.0,3900.0,2022.0,4.0,25.0,0.0,1.0,0.0,1.0,1.0,0.0,0.0
3800.0,4000.0,3900.0,2022.0,4.0,26.0,1.0,1.0,0.0,1.0,1.0,0.0,0.0
3800.0,4000.0,3900.0,2022.0,4.0,27.0,2.0,1.0,0.0,1.0,1.0,0.0,0.0
4000.0,4500.0,4250.0,2022.0,4.0,28.0,3.0,1.0,0.0,1.0,1.0,0.0,0.0
4000.0,4500.0,4250.0,2022.0,4.0,30.0,5.0,1.0,0.0,1.0,1.0,0.0,0.0
4000.0,4500.0,4250.0,2022.0,5.0,4.0,2.0,1.0,0.0,1.0,1.0,0.0,0.0
4000.0,4500.0,4250.0,2022.0,5.0,5.0,3.0,1.0,0.0,1.0,1.0,0.0,0.0
4000.0,4500.0,4250.0,2022.0,5.0,7.0,5.0,1.0,0.0,1.0,1.0,0.0,0.0
4000.0,4500.0,4250.0,2022.0,5.0,9.0,0.0,1.0,0.0,1.0,1.0,0.0,0.0
4000.0,4500.0,4250.0,2022.0,5.0,10.0,1.0,1.0,0.0,1.0,1.0,0.0,0.0
4000.0,4500.0,4250.0,2022.0,5.0,13.0,4.0,1.0,0.0,1.0,1.0,0.0,0.0
4000.0,4500.0,4250.0,2022.0,5.0,16.0,0.0,1.0,0.0,1.0,1.0,0.0,0.0
4000.0,4500.0,4250.0,2022.0,5.0,19.0,3.0,1.0,0.0,1.0,1.0,0.0,0.0
4000.0,4500.0,4250.0,2022.0,5.0,23.0,0.0,1.0,0.0,1.0,1.0,0.0,0.0
4000.0,4500.0,4250.0,2022.0,5.0,24.0,1.0,1.0,0.0,1.0,1.0,0.0,0.0
4000.0,4500.0,4250.0,2022.0,5.0,25.0,2.0,1.0,0.0,1.0,1.0,0.0,0.0
4000.0,4500.0,4250.0,2022.0,5.0,26.0,3.0,1.0,0.0,1.0,1.0,0.0,0.0
4000.0,4500.0,4250.0,2022.0,5.0,27.0,4.0,1.0,0.0,1.0,1.0,0.0,0.0
4000.0,4500.0,4250.0,2022.0,5.0,30.0,0.0,1.0,0.0,1.0,1.0,0.0,0.0
4000.0,4200.0,4100.0,2022.0,5.0,31.0,1.0,1.0,0.0,1.0,1.0,0.0,0.0
4000.0,4200.0,4100.0,2022.0,6.0,1.0,2.0,1.0,0.0,1.0,1.0,0.0,0.0
4000.0,4200.0,4100.0,2022.0,6.0,2.0,3.0,1.0,0.0,1.0,1.0,0.0,0.0
4000.0,4200.0,4100.0,2022.0,6.0,3.0,4.0,1.0,0.0,1.0,1.0,0.0,0.0
4000.0,4200.0,4100.0,2022.0,6.0,6.0,0.0,1.0,0.0,1.0,1.0,0.0,0.0
4000.0,4200.0,4100.0,2022.0,6.0,7.0,1.0,1.0,0.0,1.0,1.0,0.0,0.0
4000.0,4200.0,4100.0,2022.0,6.0,8.0,2.0,1.0,0.0,1.0,1.0,0.0,0.0
4000.0,4200.0,4100.0,2022.0,6.0,9.0,3.0,1.0,0.0,1.0,1.0,0.0,0.0
4000.0,4200.0,4100.0,2022.0,6.0,10.0,4.0,1.0,0.0,1.0,1.0,0.0,0.0
4000.0,4200.0,4100.0,2022.0,6.0,13.0,0.0,1.0,0.0,1.0,1.0,0.0,0.0
4000.0,4200.0,4100.0,2022.0,6.0,14.0,1.0,1.0,0.0,1.0,1.0,0.0,0.0
4000.0,4200.0,4100.0,2022.0,6.0,15.0,2.0,1.0,0.0,1.0,1.0,0.0,0.0
4000.0,4200.0,4100.0,2022.0,6.0,16.0,3.0,1.0,0.0,1.0,1.0,0.0,0.0
4000.0,4200.0,4100.0,2022.0,6.0,17.0,4.0,1.0,0.0,1.0,1.0,0.0,0.0
4000.0,4200.0,4100.0,2022.0,6.0,18.0,5.0,1.0,0.0,1.0,1.0,0.0,0.0
4000.0,4200.0,4100.0,2022.0,6.0,20.0,0.0,1.0,0.0,1.0,1.0,0.0,0.0
4400.0,4800.0,4600.0,2022.0,6.0,22.0,2.0,1.0,0.0,1.0,1.0,0.0,0.0
4400.0,4800.0,4600.0,2022.0,6.0,23.0,3.0,1.0,0.0,1.0,1.0,0.0,0.0
4400.0,4800.0,4600.0,2022.0,6.0,24.0,4.0,1.0,0.0,1.0,1.0,0.0,0.0
4400.0,4800.0,4600.0,2022.0,6.0,27.0,0.0,1.0,0.0,1.0,1.0,0.0,0.0
4400.0,4800.0,4600.0,2022.0,6.0,28.0,1.0,1.0,0.0,1.0,1.0,0.0,0.0
4400.0,4800.0,4600.0,2022.0,6.0,29.0,2.0,1.0,0.0,1.0,1.0,0.0,0.0
4400.0,4800.0,4600.0,2022.0,6.0,30.0,3.0,1.0,0.0,1.0,1.0,0.0,0.0
4400.0,4800.0,4600.0,2022.0,7.0,1.0,4.0,1.0,0.0,1.0,1.0,0.0,0.0
4400.0,4800.0,4600.0,2022.0,7.0,2.0,5.0,1.0,0.0,1.0,1.0,0.0,0.0
4400.0,4800.0,4600.0,2022.0,7.0,4.0,0.0,1.0,0.0,1.0,1.0,0.0,0.0
4400.0,4800.0,4600.0,2022.0,7.0,5.0,1.0,1.0,0.0,1.0,1.0,0.0,0.0
4400.0,4800.0,4600.0,2022.0,7.0,6.0,2.0,1.0,0.0,1.0,1.0,0.0,0.0
4000.0,4200.0,4100.0,2022.0,7.0,8.0,4.0,1.0,0.0,1.0,1.0,0.0,0.0
4000.0,4200.0,4100.0,2022.0,7.0,11.0,0.0,1.0,0.0,1.0,1.0,0.0,0.0
4000.0,4200.0,4100.0,2022.0,7.0,12.0,1.0,1.0,0.0,1.0,1.0,0.0,0.0
4000.0,4200.0,4100.0,2022.0,7.0,13.0,2.0,1.0,0.0,1.0,1.0,0.0,0.0
4000.0,4200.0,4100.0,2022.0,7.0,14.0,3.0,1.0,0.0,1.0,1.0,0.0,0.0
4000.0,4200.0,4100.0,2022.0,7.0,15.0,4.0,1.0,0.0,1.0,1.0,0.0,0.0
4000.0,4200.0,4100.0,2022.0,7.0,16.0,5.0,1.0,0.0,1.0,1.0,0.0,0.0
4000.0,4200.0,4100.0,2022.0,7.0,18.0,0.0,1.0,0.0,1.0,1.0,0.0,0.0
4200.0,4500.0,4350.0,2022.0,7.0,19.0,1.0,1.0,0.0,1.0,1.0,0.0,0.0
4000.0,4200.0,4100.0,2022.0,7.0,20.0,2.0,1.0,0.0,1.0,1.0,0.0,0.0
4000.0,4200.0,4100.0,2022.0,7.0,21.0,3.0,1.0,0.0,1.0,1.0,0.0,0.0
4000.0,4200.0,4100.0,2022.0,7.0,22.0,4.0,1.0,0.0,1.0,1.0,0.0,0.0
4000.0,4200.0,4100.0,2022.0,7.0,25.0,0.0,1.0,0.0,1.0,1.0,0.0,0.0
4000.0,4200.0,4100.0,2022.0,7.0,26.0,1.0,1.0,0.0,1.0,1.0,0.0,0.0
4000.0,4200.0,4100.0,2022.0,7.0,27.0,2.0,1.0,0.0,1.0,1.0,0.0,0.0
4000.0,4200.0,4100.0,2022.0,7.0,28.0,3.0,1.0,0.0,1.0,1.0,0.0,0.0
4000.0,4200.0,4100.0,2022.0,7.0,30.0,5.0,1.0,0.0,1.0,1.0,0.0,0.0
4400.0,4800.0,4600.0,2022.0,8.0,1.0,0.0,1.0,0.0,1.0,1.0,0.0,0.0
4400.0,4800.0,4600.0,2022.0,8.0,3.0,2.0,1.0,0.0,1.0,1.0,0.0,0.0
4200.0,4500.0,4350.0,2022.0,8.0,8.0,0.0,1.0,0.0,1.0,1.0,0.0,0.0
4200.0,4500.0,4350.0,2022.0,8.0,10.0,2.0,1.0,0.0,1.0,1.0,0.0,0.0
4200.0,4500.0,4350.0,2022.0,8.0,11.0,3.0,1.0,0.0,1.0,1.0,0.0,0.0
4200.0,4500.0,4350.0,2022.0,8.0,12.0,4.0,1.0,0.0,1.0,1.0,0.0,0.0
4200.0,4500.0,4350.0,2022.0,8.0,16.0,1.0,1.0,0.0,1.0,1.0,0.0,0.0
4200.0,4500.0,4350.0,2022.0,8.0,17.0,2.0,1.0,0.0,1.0,1.0,0.0,0.0
4200.0,4500.0,4350.0,2022.0,8.0,18.0,3.0,1.0,0.0,1.0,1.0,0.0,0.0
4200.0,4500.0,4350.0,2022.0,8.0,19.0,4.0,1.0,0.0,1.0,1.0,0.0,0.0
4200.0,4500.0,4350.0,2022.0,8.0,20.0,5.0,1.0,0.0,1.0,1.0,0.0,0.0
4000.0,4200.0,4100.0,2022.0,8.0,22.0,0.0,1.0,0.0,1.0,1.0,0.0,0.0
4000.0,4200.0,4100.0,2022.0,8.0,23.0,1.0,1.0,0.0,1.0,1.0,0.0,0.0
4000.0,4200.0,4100.0,2022.0,8.0,24.0,2.0,1.0,0.0,1.0,1.0,0.0,0.0
4000.0,4200.0,4100.0,2022.0,8.0,26.0,4.0,1.0,0.0,1.0,1.0,0.0,0.0
4000.0,4200.0,4100.0,2022.0,8.0,29.0,0.0,1.0,0.0,1.0,1.0,0.0,0.0
4000.0,4200.0,4100.0,2022.0,9.0,1.0,3.0,1.0,0.0,1.0,1.0,0.0,0.0
4000.0,4200.0,4100.0,2022.0,9.0,2.0,4.0,1.0,0.0,1.0,1.0,0.0,0.0
4000.0,4200.0,4100.0,2022.0,9.0,3.0,5.0,1.0,0.0,1.0,1.0,0.0,0.0
4000.0,4200.0,4100.0,2022.0,9.0,5.0,0.0,1.0,0.0,1.0,1.0,0.0,0.0
4000.0,4200.0,4100.0,2022.0,9.0,6.0,1.0,1.0,0.0,1.0,1.0,0.0,0.0
4000.0,4200.0,4100.0,2022.0,9.0,8.0,3.0,1.0,0.0,1.0,1.0,0.0,0.0
4000.0,4200.0,4100.0,2022.0,9.0,9.0,4.0,1.0,0.0,1.0,1.0,0.0,0.0
4000.0,4200.0,4100.0,2022.0,9.0,12.0,0.0,1.0,0.0,1.0,1.0,0.0,0.0
4000.0,4200.0,4100.0,2022.0,9.0,14.0,2.0,1.0,0.0,1.0,1.0,0.0,0.0
4000.0,4200.0,4100.0,2022.0,9.0,15.0,3.0,1.0,0.0,1.0,1.0,0.0,0.0
4200.0,4500.0,4350.0,2022.0,9.0,17.0,5.0,1.0,0.0,1.0,1.0,0.0,0.0
4200.0,4500.0,4350.0,2022.0,9.0,19.0,0.0,1.0,0.0,1.0,1.0,0.0,0.0
4200.0,4500.0,4350.0,2022.0,9.0,21.0,2.0,1.0,0.0,1.0,1.0,0.0,0.0
4200.0,4500.0,4350.0,2022.0,9.0,22.0,3.0,1.0,0.0,1.0,1.0,0.0,0.0
4200.0,4500.0,4350.0,2022.0,9.0,23.0,4.0,1.0,0.0,1.0,1.0,0.0,0.0
4200.0,4500.0,4350.0,2022.0,9.0,26.0,0.0,1.0,0.0,1.0,1.0,0.0,0.0
4200.0,4500.0,4350.0,2022.0,9.0,28.0,2.0,1.0,0.0,1.0,1.0,0.0,0.0
4200.0,4500.0,4350.0,2022.0,9.0,29.0,3.0,1.0,0.0,1.0,1.0,0.0,0.0
4200.0,4500.0,4350.0,2022.0,9.0,30.0,4.0,1.0,0.0,1.0,1.0,0.0,0.0
4200.0,4500.0,4350.0,2022.0,10.0,1.0,5.0,1.0,0.0,1.0,1.0,0.0,0.0
4200.0,4500.0,4350.0,2022.0,10.0,3.0,0.0,1.0,0.0,1.0,1.0,0.0,0.0
4200.0,4500.0,4350.0,2022.0,10.0,6.0,3.0,1.0,0.0,1.0,1.0,0.0,0.0
4200.0,4500.0,4350.0,2022.0,10.0,10.0,0.0,1.0,0.0,1.0,1.0,0.0,0.0
4200.0,4500.0,4350.0,2022.0,10.0,11.0,1.0,1.0,0.0,1.0,1.0,0.0,0.0
4200.0,4500.0,4350.0,2022.0,10.0,12.0,2.0,1.0,0.0,1.0,1.0,0.0,0.0
4200.0,4500.0,4350.0,2022.0,10.0,13.0,3.0,1.0,0.0,1.0,1.0,0.0,0.0
4200.0,4500.0,4350.0,2022.0,10.0,14.0,4.0,1.0,0.0,1.0,1.0,0.0,0.0
4200.0,4500.0,4350.0,2022.0,10.0,15.0,5.0,1.0,0.0,1.0,1.0,0.0,0.0
4200.0,4500.0,4350.0,2022.0,10.0,17.0,0.0,1.0,0.0,1.0,1.0,0.0,0.0
4200.0,4500.0,4350.0,2022.0,10.0,18.0,1.0,1.0,0.0,1.0,1.0,0.0,0.0
4200.0,4300.0,4250.0,2022.0,10.0,19.0,2.0,1.0,0.0,1.0,1.0,0.0,0.0
4200.0,4300.0,4250.0,2022.0,10.0,20.0,3.0,1.0,0.0,1.0,1.0,0.0,0.0
4200.0,4300.0,4250.0,2022.0,10.0,21.0,4.0,1.0,0.0,1.0,1.0,0.0,0.0
4200.0,4300.0,4250.0,2022.0,10.0,28.0,4.0,1.0,0.0,1.0,1.0,0.0,0.0
4200.0,4300.0,4250.0,2022.0,11.0,2.0,2.0,1.0,0.0,1.0,1.0,0.0,0.0
4200.0,4300.0,4250.0,2022.0,11.0,3.0,3.0,1.0,0.0,1.0,1.0,0.0,0.0
4200.0,4300.0,4250.0,2022.0,11.0,4.0,4.0,1.0,0.0,1.0,1.0,0.0,0.0
4200.0,4300.0,4250.0,2022.0,11.0,5.0,5.0,1.0,0.0,1.0,1.0,0.0,0.0
4200.0,4300.0,4250.0,2022.0,11.0,7.0,0.0,1.0,0.0,1.0,1.0,0.0,0.0
4200.0,4300.0,4250.0,2022.0,11.0,8.0,1.0,1.0,0.0,1.0,1.0,0.0,0.0
4200.0,4300.0,4250.0,2022.0,11.0,9.0,2.0,1.0,0.0,1.0,1.0,0.0,0.0
4200.0,4300.0,4250.0,2022.0,11.0,10.0,3.0,1.0,0.0,1.0,1.0,0.0,0.0
4200.0,4300.0,4250.0,2022.0,11.0,14.0,0.0,1.0,0.0,1.0,1.0,0.0,0.0
4200.0,4300.0,4250.0,2022.0,11.0,15.0,1.0,1.0,0.0,1.0,1.0,0.0,0.0
4200.0,4300.0,4250.0,2022.0,11.0,16.0,2.0,1.0,0.0,1.0,1.0,0.0,0.0
4200.0,4300.0,4250.0,2022.0,11.0,17.0,3.0,1.0,0.0,1.0,1.0,0.0,0.0
4200.0,4300.0,4250.0,2022.0,11.0,19.0,5.0,1.0,0.0,1.0,1.0,0.0,0.0
4200.0,4300.0,4250.0,2022.0,11.0,21.0,0.0,1.0,0.0,1.0,1.0,0.0,0.0
4200.0,4300.0,4250.0,2022.0,11.0,22.0,1.0,1.0,0.0,1.0,1.0,0.0,0.0
4200.0,4300.0,4250.0,2022.0,11.0,23.0,2.0,1.0,0.0,1.0,1.0,0.0,0.0
4200.0,4300.0,4250.0,2022.0,11.0,24.0,3.0,1.0,0.0,1.0,1.0,0.0,0.0
4200.0,4300.0,4250.0,2022.0,11.0,25.0,4.0,1.0,0.0,1.0,1.0,0.0,0.0
4200.0,4300.0,4250.0,2022.0,11.0,28.0,0.0,1.0,0.0,1.0,1.0,0.0,0.0
4200.0,4300.0,4250.0,2022.0,11.0,29.0,1.0,1.0,0.0,1.0,1.0,0.0,0.0
4200.0,4300.0,4250.0,2022.0,11.0,30.0,2.0,1.0,0.0,1.0,1.0,0.0,0.0
4200.0,4300.0,4250.0,2022.0,12.0,1.0,3.0,1.0,0.0,1.0,1.0,0.0,0.0
4200.0,4300.0,4250.0,2022.0,12.0,2.0,4.0,1.0,0.0,1.0,1.0,0.0,0.0
4200.0,4300.0,4250.0,2022.0,12.0,3.0,5.0,1.0,0.0,1.0,1.0,0.0,0.0
4200.0,4300.0,4250.0,2022.0,12.0,5.0,0.0,1.0,0.0,1.0,1.0,0.0,0.0
4200.0,4300.0,4250.0,2022.0,12.0,6.0,1.0,1.0,0.0,1.0,1.0,0.0,0.0
4200.0,4300.0,4250.0,2022.0,12.0,7.0,2.0,1.0,0.0,1.0,1.0,0.0,0.0
4200.0,4300.0,4250.0,2022.0,12.0,8.0,3.0,1.0,0.0,1.0,1.0,0.0,0.0
4200.0,4300.0,4250.0,2022.0,12.0,9.0,4.0,1.0,0.0,1.0,1.0,0.0,0.0
4200.0,4300.0,4250.0,2022.0,12.0,12.0,0.0,1.0,0.0,1.0,1.0,0.0,0.0
4200.0,4300.0,4250.0,2022.0,12.0,13.0,1.0,1.0,0.0,1.0,1.0,0.0,0.0
4200.0,4300.0,4250.0,2022.0,12.0,14.0,2.0,1.0,0.0,1.0,1.0,0.0,0.0
4200.0,4300.0,4250.0,2022.0,12.0,16.0,4.0,1.0,0.0,1.0,1.0,0.0,0.0
4200.0,4300.0,4250.0,2022.0,12.0,17.0,5.0,1.0,0.0,1.0,1.0,0.0,0.0
4200.0,4300.0,4250.0,2022.0,12.0,19.0,0.0,1.0,0.0,1.0,1.0,0.0,0.0
4200.0,4300.0,4250.0,2022.0,12.0,20.0,1.0,1.0,0.0,1.0,1.0,0.0,0.0
4200.0,4300.0,4250.0,2022.0,12.0,21.0,2.0,1.0,0.0,1.0,1.0,0.0,0.0
4200.0,4400.0,4300.0,2022.0,12.0,22.0,3.0,1.0,0.0,1.0,1.0,0.0,0.0
4200.0,4400.0,4300.0,2022.0,12.0,26.0,0.0,1.0,0.0,1.0,1.0,0.0,0.0
4200.0,4400.0,4300.0,2022.0,12.0,27.0,1.0,1.0,0.0,1.0,1.0,0.0,0.0
4200.0,4400.0,4300.0,2022.0,12.0,28.0,2.0,1.0,0.0,1.0,1.0,0.0,0.0
4200.0,4400.0,4300.0,2022.0,12.0,29.0,3.0,1.0,0.0,1.0,1.0,0.0,0.0
4200.0,4400.0,4300.0,2022.0,12.0,30.0,4.0,1.0,0.0,1.0,1.0,0.0,0.0
4200.0,4400.0,4300.0,2022.0,12.0,31.0,5.0,1.0,0.0,1.0,1.0,0.0,0.0
4200.0,4400.0,4300.0,2023.0,1.0,2.0,0.0,1.0,0.0,1.0,1.0,0.0,0.0
4200.0,4400.0,4300.0,2023.0,1.0,3.0,1.0,1.0,0.0,1.0,1.0,0.0,0.0
4200.0,4400.0,4300.0,2023.0,1.0,4.0,2.0,1.0,0.0,1.0,1.0,0.0,0.0
4200.0,4400.0,4300.0,2023.0,1.0,5.0,3.0,1.0,0.0,1.0,1.0,0.0,0.0
5000.0,5500.0,5250.0,2023.0,1.0,6.0,4.0,1.0,0.0,1.0,1.0,0.0,0.0
5000.0,5500.0,5250.0,2023.0,1.0,9.0,0.0,1.0,0.0,1.0,1.0,0.0,0.0
5000.0,5500.0,5250.0,2023.0,1.0,10.0,1.0,1.0,0.0,1.0,1.0,0.0,0.0
5000.0,5500.0,5250.0,2023.0,1.0,11.0,2.0,1.0,0.0,1.0,1.0,0.0,0.0
5000.0,5500.0,5250.0,2023.0,1.0,12.0,3.0,1.0,0.0,1.0,1.0,0.0,0.0
5000.0,5500.0,5250.0,2023.0,1.0,13.0,4.0,1.0,0.0,1.0,1.0,0.0,0.0
5000.0,5500.0,5250.0,2023.0,1.0,16.0,0.0,1.0,0.0,1.0,1.0,0.0,0.0
5000.0,5500.0,5250.0,2023.0,1.0,17.0,1.0,1.0,0.0,1.0,1.0,0.0,0.0
5000.0,5500.0,5250.0,2023.0,1.0,18.0,2.0,1.0,0.0,1.0,1.0,0.0,0.0
5000.0,5200.0,5100.0,2023.0,1.0,24.0,1.0,1.0,0.0,1.0,1.0,0.0,0.0
5000.0,5200.0,5100.0,2023.0,1.0,25.0,2.0,1.0,0.0,1.0,1.0,0.0,0.0
5000.0,5200.0,5100.0,2023.0,1.0,27.0,4.0,1.0,0.0,1.0,1.0,0.0,0.0
5000.0,5200.0,5100.0,2023.0,1.0,30.0,0.0,1.0,0.0,1.0,1.0,0.0,0.0
5000.0,5200.0,5100.0,2023.0,2.0,1.0,2.0,1.0,0.0,1.0,1.0,0.0,0.0
5000.0,5200.0,5100.0,2023.0,2.0,13.0,0.0,1.0,0.0,1.0,1.0,0.0,0.0
5000.0,5200.0,5100.0,2023.0,2.0,27.0,0.0,1.0,0.0,1.0,1.0,0.0,0.0
5000.0,5200.0,5100.0,2023.0,2.0,28.0,1.0,1.0,0.0,1.0,1.0,0.0,0.0
4000.0,4200.0,4100.0,2023.0,3.0,10.0,4.0,1.0,0.0,1.0,1.0,0.0,0.0
4000.0,4200.0,4100.0,2023.0,3.0,16.0,3.0,1.0,0.0,1.0,1.0,0.0,0.0
4000.0,4200.0,4100.0,2023.0,3.0,17.0,4.0,1.0,0.0,1.0,1.0,0.0,0.0
4000.0,4200.0,4100.0,2023.0,3.0,18.0,5.0,1.0,0.0,1.0,1.0,0.0,0.0
4000.0,4200.0,4100.0,2023.0,3.0,21.0,1.0,1.0,0.0,1.0,1.0,0.0,0.0
4000.0,4200.0,4100.0,2023.0,3.0,27.0,0.0,1.0,0.0,1.0,1.0,0.0,0.0
4000.0,4200.0,4100.0,2023.0,3.0,28.0,1.0,1.0,0.0,1.0,1.0,0.0,0.0
4000.0,4200.0,4100.0,2023.0,3.0,29.0,2.0,1.0,0.0,1.0,1.0,0.0,0.0
4000.0,4200.0,4100.0,2023.0,3.0,30.0,3.0,1.0,0.0,1.0,1.0,0.0,0.0
4000.0,4200.0,4100.0,2023.0,4.0,3.0,0.0,1.0,0.0,1.0,1.0,0.0,0.0
4000.0,4200.0,4100.0,2023.0,4.0,5.0,2.0,1.0,0.0,1.0,1.0,0.0,0.0
4000.0,4200.0,4100.0,2023.0,4.0,6.0,3.0,1.0,0.0,1.0,1.0,0.0,0.0
4000.0,4200.0,4100.0,2023.0,4.0,10.0,0.0,1.0,0.0,1.0,1.0,0.0,0.0
4000.0,4450.0,4225.0,2023.0,4.0,12.0,2.0,1.0,0.0,1.0,1.0,0.0,0.0
4000.0,4450.0,4225.0,2023.0,4.0,13.0,3.0,1.0,0.0,1.0,1.0,0.0,0.0
4000.0,4450.0,4225.0,2023.0,4.0,15.0,5.0,1.0,0.0,1.0,1.0,0.0,0.0
4000.0,4450.0,4225.0,2023.0,4.0,17.0,0.0,1.0,0.0,1.0,1.0,0.0,0.0
4000.0,4450.0,4225.0,2023.0,4.0,18.0,1.0,1.0,0.0,1.0,1.0,0.0,0.0
4000.0,4450.0,4225.0,2023.0,4.0,19.0,2.0,1.0,0.0,1.0,1.0,0.0,0.0
4000.0,4450.0,4225.0,2023.0,4.0,26.0,2.0,1.0,0.0,1.0,1.0,0.0,0.0
4000.0,4450.0,4225.0,2023.0,4.0,27.0,3.0,1.0,0.0,1.0,1.0,0.0,0.0
4000.0,4450.0,4225.0,2023.0,4.0,28.0,4.0,1.0,0.0,1.0,1.0,0.0,0.0
4000.0,4450.0,4225.0,2023.0,4.0,29.0,5.0,1.0,0.0,1.0,1.0,0.0,0.0
4000.0,4450.0,4225.0,2023.0,5.0,2.0,1.0,1.0,0.0,1.0,1.0,0.0,0.0
4000.0,4450.0,4225.0,2023.0,5.0,5.0,4.0,1.0,0.0,1.0,1.0,0.0,0.0
4000.0,4450.0,4225.0,2023.0,5.0,6.0,5.0,1.0,0.0,1.0,1.0,0.0,0.0
4000.0,4450.0,4225.0,2023.0,5.0,9.0,1.0,1.0,0.0,1.0,1.0,0.0,0.0
4000.0,4450.0,4225.0,2023.0,5.0,12.0,4.0,1.0,0.0,1.0,1.0,0.0,0.0
4000.0,4450.0,4225.0,2023.0,5.0,15.0,0.0,1.0,0.0,1.0,1.0,0.0,0.0
4000.0,4450.0,4225.0,2023.0,5.0,16.0,1.0,1.0,0.0,1.0,1.0,0.0,0.0
4000.0,4450.0,4225.0,2023.0,5.0,17.0,2.0,1.0,0.0,1.0,1.0,0.0,0.0
4000.0,4450.0,4225.0,2023.0,5.0,19.0,4.0,1.0,0.0,1.0,1.0,0.0,0.0
4000.0,4450.0,4225.0,2023.0,5.0,20.0,5.0,1.0,0.0,1.0,1.0,0.0,0.0
4000.0,4450.0,4225.0,2023.0,5.0,22.0,0.0,1.0,0.0,1.0,1.0,0.0,0.0
4000.0,4450.0,4225.0,2023.0,5.0,23.0,1.0,1.0,0.0,1.0,1.0,0.0,0.0
4300.0,4500.0,4400.0,2023.0,5.0,26.0,4.0,1.0,0.0,1.0,1.0,0.0,0.0
4300.0,4500.0,4400.0,2023.0,5.0,29.0,0.0,1.0,0.0,1.0,1.0,0.0,0.0
4300.0,4500.0,4400.0,2023.0,5.0,30.0,1.0,1.0,0.0,1.0,1.0,0.0,0.0
4300.0,4500.0,4400.0,2023.0,5.0,31.0,2.0,1.0,0.0,1.0,1.0,0.0,0.0
4300.0,4500.0,4400.0,2023.0,6.0,1.0,3.0,1.0,0.0,1.0,1.0,0.0,0.0
4300.0,4500.0,4400.0,2023.0,6.0,5.0,0.0,1.0,0.0,1.0,1.0,0.0,0.0
4300.0,4500.0,4400.0,2023.0,6.0,6.0,1.0,1.0,0.0,1.0,1.0,0.0,0.0
4300.0,4500.0,4400.0,2023.0,6.0,7.0,2.0,1.0,0.0,1.0,1.0,0.0,0.0
4300.0,4500.0,4400.0,2023.0,6.0,8.0,3.0,1.0,0.0,1.0,1.0,0.0,0.0
4300.0,4500.0,4400.0,2023.0,6.0,9.0,4.0,1.0,0.0,1.0,1.0,0.0,0.0
4300.0,4500.0,4400.0,2023.0,6.0,12.0,0.0,1.0,0.0,1.0,1.0,0.0,0.0
4300.0,4500.0,4400.0,2023.0,6.0,15.0,3.0,1.0,0.0,1.0,1.0,0.0,0.0
4300.0,4500.0,4400.0,2023.0,6.0,16.0,4.0,1.0,0.0,1.0,1.0,0.0,0.0
4300.0,4500.0,4400.0,2023.0,6.0,17.0,5.0,1.0,0.0,1.0,1.0,0.0,0.0
4300.0,4500.0,4400.0,2023.0,6.0,19.0,0.0,1.0,0.0,1.0,1.0,0.0,0.0
4300.0,4500.0,4400.0,2023.0,6.0,20.0,1.0,1.0,0.0,1.0,1.0,0.0,0.0
4300.0,4500.0,4400.0,2023.0,6.0,21.0,2.0,1.0,0.0,1.0,1.0,0.0,0.0
4300.0,4500.0,4400.0,2023.0,6.0,22.0,3.0,1.0,0.0,1.0,1.0,0.0,0.0
4300.0,4500.0,4400.0,2023.0,6.0,23.0,4.0,1.0,0.0,1.0,1.0,0.0,0.0
4300.0,4500.0,4400.0,2023.0,6.0,26.0,0.0,1.0,0.0,1.0,1.0,0.0,0.0
3500.0,4000.0,3750.0,2023.0,6.0,27.0,1.0,1.0,0.0,1.0,1.0,0.0,0.0
3500.0,4000.0,3750.0,2023.0,6.0,28.0,2.0,1.0,0.0,1.0,1.0,0.0,0.0
3500.0,4000.0,3750.0,2023.0,6.0,30.0,4.0,1.0,0.0,1.0,1.0,0.0,0.0
3500.0,4000.0,3750.0,2023.0,7.0,1.0,5.0,1.0,0.0,1.0,1.0,0.0,0.0
3500.0,4000.0,3750.0,2023.0,7.0,3.0,0.0,1.0,0.0,1.0,1.0,0.0,0.0
3500.0,4000.0,3750.0,2023.0,7.0,4.0,1.0,1.0,0.0,1.0,1.0,0.0,0.0
3500.0,4000.0,3750.0,2023.0,7.0,5.0,2.0,1.0,0.0,1.0,1.0,0.0,0.0
3500.0,4000.0,3750.0,2023.0,7.0,6.0,3.0,1.0,0.0,1.0,1.0,0.0,0.0
3500.0,4000.0,3750.0,2023.0,7.0,7.0,4.0,1.0,0.0,1.0,1.0,0.0,0.0
3500.0,4000.0,3750.0,2023.0,7.0,12.0,2.0,1.0,0.0,1.0,1.0,0.0,0.0
3500.0,4000.0,3750.0,2023.0,7.0,13.0,3.0,1.0,0.0,1.0,1.0,0.0,0.0
3500.0,4000.0,3750.0,2023.0,7.0,14.0,4.0,1.0,0.0,1.0,1.0,0.0,0.0
3500.0,4000.0,3750.0,2023.0,7.0,17.0,0.0,1.0,0.0,1.0,1.0,0.0,0.0
3500.0,4000.0,3750.0,2023.0,7.0,18.0,1.0,1.0,0.0,1.0,1.0,0.0,0.0
3500.0,4000.0,3750.0,2023.0,7.0,19.0,2.0,1.0,0.0,1.0,1.0,0.0,0.0
3500.0,4000.0,3750.0,2023.0,7.0,20.0,3.0,1.0,0.0,1.0,1.0,0.0,0.0
3500.0,4000.0,3750.0,2023.0,7.0,24.0,0.0,1.0,0.0,1.0,1.0,0.0,0.0
3500.0,4000.0,3750.0,2023.0,7.0,25.0,1.0,1.0,0.0,1.0,1.0,0.0,0.0
3500.0,4000.0,3750.0,2023.0,7.0,27.0,3.0,1.0,0.0,1.0,1.0,0.0,0.0
3500.0,4000.0,3750.0,2023.0,7.0,28.0,4.0,1.0,0.0,1.0,1.0,0.0,0.0
3500.0,4000.0,3750.0,2023.0,7.0,31.0,0.0,1.0,0.0,1.0,1.0,0.0,0.0
4000.0,4200.0,4100.0,2023.0,8.0,1.0,1.0,1.0,0.0,1.0,1.0,0.0,0.0
4000.0,4200.0,4100.0,2023.0,8.0,3.0,3.0,1.0,0.0,1.0,1.0,0.0,0.0
4000.0,4200.0,4100.0,2023.0,8.0,4.0,4.0,1.0,0.0,1.0,1.0,0.0,0.0
4000.0,4200.0,4100.0,2023.0,8.0,5.0,5.0,1.0,0.0,1.0,1.0,0.0,0.0
4000.0,4200.0,4100.0,2023.0,8.0,7.0,0.0,1.0,0.0,1.0,1.0,0.0,0.0
4000.0,4200.0,4100.0,2023.0,8.0,8.0,1.0,1.0,0.0,1.0,1.0,0.0,0.0
4000.0,4200.0,4100.0,2023.0,8.0,9.0,2.0,1.0,0.0,1.0,1.0,0.0,0.0
4000.0,4200.0,4100.0,2023.0,8.0,10.0,3.0,1.0,0.0,1.0,1.0,0.0,0.0
4000.0,4200.0,4100.0,2023.0,8.0,11.0,4.0,1.0,0.0,1.0,1.0,0.0,0.0
4000.0,4200.0,4100.0,2023.0,8.0,14.0,0.0,1.0,0.0,1.0,1.0,0.0,0.0
4400.0,5000.0,4700.0,2023.0,8.0,16.0,2.0,1.0,0.0,1.0,1.0,0.0,0.0
4400.0,5000.0,4700.0,2023.0,8.0,17.0,3.0,1.0,0.0,1.0,1.0,0.0,0.0
4400.0,5000.0,4700.0,2023.0,8.0,18.0,4.0,1.0,0.0,1.0,1.0,0.0,0.0
4400.0,5000.0,4700.0,2023.0,8.0,19.0,5.0,1.0,0.0,1.0,1.0,0.0,0.0
4400.0,5000.0,4700.0,2023.0,8.0,21.0,0.0,1.0,0.0,1.0,1.0,0.0,0.0
4400.0,5000.0,4700.0,2023.0,8.0,22.0,1.0,1.0,0.0,1.0,1.0,0.0,0.0
4400.0,5000.0,4700.0,2023.0,8.0,23.0,2.0,1.0,0.0,1.0,1.0,0.0,0.0
4400.0,5000.0,4700.0,2023.0,8.0,24.0,3.0,1.0,0.0,1.0,1.0,0.0,0.0
4400.0,5000.0,4700.0,2023.0,8.0,28.0,0.0,1.0,0.0,1.0,1.0,0.0,0.0
4500.0,4600.0,4550.0,2023.0,8.0,30.0,2.0,1.0,0.0,1.0,1.0,0.0,0.0
4500.0,4600.0,4550.0,2023.0,8.0,31.0,3.0,1.0,0.0,1.0,1.0,0.0,0.0
4500.0,4600.0,4550.0,2023.0,9.0,1.0,4.0,1.0,0.0,1.0,1.0,0.0,0.0
4500.0,4600.0,4550.0,2023.0,9.0,2.0,5.0,1.0,0.0,1.0,1.0,0.0,0.0
4500.0,4600.0,4550.0,2023.0,9.0,4.0,0.0,1.0,0.0,1.0,1.0,0.0,0.0
4500.0,4600.0,4550.0,2023.0,9.0,6.0,2.0,1.0,0.0,1.0,1.0,0.0,0.0
4500.0,4600.0,4550.0,2023.0,9.0,8.0,4.0,1.0,0.0,1.0,1.0,0.0,0.0
4500.0,4600.0,4550.0,2023.0,9.0,11.0,0.0,1.0,0.0,1.0,1.0,0.0,0.0
4500.0,4600.0,4550.0,2023.0,9.0,12.0,1.0,1.0,0.0,1.0,1.0,0.0,0.0
4500.0,4600.0,4550.0,2023.0,9.0,14.0,3.0,1.0,0.0,1.0,1.0,0.0,0.0
4500.0,4600.0,4550.0,2023.0,9.0,15.0,4.0,1.0,0.0,1.0,1.0,0.0,0.0
4500.0,4600.0,4550.0,2023.0,9.0,16.0,5.0,1.0,0.0,1.0,1.0,0.0,0.0
4500.0,4600.0,4550.0,2023.0,9.0,19.0,1.0,1.0,0.0,1.0,1.0,0.0,0.0
4500.0,4600.0,4550.0,2023.0,10.0,3.0,1.0,1.0,0.0,1.0,1.0,0.0,0.0
4500.0,4600.0,4550.0,2023.0,10.0,4.0,2.0,1.0,0.0,1.0,1.0,0.0,0.0
4500.0,4600.0,4550.0,2023.0,10.0,5.0,3.0,1.0,0.0,1.0,1.0,0.0,0.0
4500.0,4600.0,4550.0,2023.0,10.0,6.0,4.0,1.0,0.0,1.0,1.0,0.0,0.0
4500.0,4600.0,4550.0,2023.0,10.0,7.0,5.0,1.0,0.0,1.0,1.0,0.0,0.0
4500.0,4600.0,4550.0,2023.0,10.0,9.0,0.0,1.0,0.0,1.0,1.0,0.0,0.0
4500.0,4600.0,4550.0,2023.0,10.0,10.0,1.0,1.0,0.0,1.0,1.0,0.0,0.0
4500.0,4600.0,4550.0,2023.0,10.0,11.0,2.0,1.0,0.0,1.0,1.0,0.0,0.0
4500.0,4600.0,4550.0,2023.0,10.0,12.0,3.0,1.0,0.0,1.0,1.0,0.0,0.0
4500.0,4600.0,4550.0,2023.0,10.0,13.0,4.0,1.0,0.0,1.0,1.0,0.0,0.0
4500.0,5000.0,4750.0,2023.0,10.0,16.0,0.0,1.0,0.0,1.0,1.0,0.0,0.0
4500.0,5000.0,4750.0,2023.0,10.0,17.0,1.0,1.0,0.0,1.0,1.0,0.0,0.0
4500.0,5000.0,4750.0,2023.0,10.0,18.0,2.0,1.0,0.0,1.0,1.0,0.0,0.0
4500.0,5000.0,4750.0,2023.0,10.0,19.0,3.0,1.0,0.0,1.0,1.0,0.0,0.0
4500.0,5000.0,4750.0,2023.0,10.0,20.0,4.0,1.0,0.0,1.0,1.0,0.0,0.0
4500.0,5000.0,4750.0,2023.0,10.0,21.0,5.0,1.0,0.0,1.0,1.0,0.0,0.0
4500.0,5000.0,4750.0,2023.0,10.0,26.0,3.0,1.0,0.0,1.0,1.0,0.0,0.0
4500.0,5000.0,4750.0,2023.0,10.0,30.0,0.0,1.0,0.0,1.0,1.0,0.0,0.0
4500.0,5000.0,4750.0,2023.0,10.0,31.0,1.0,1.0,0.0,1.0,1.0,0.0,0.0
4500.0,5000.0,4750.0,2023.0,11.0,2.0,3.0,1.0,0.0,1.0,1.0,0.0,0.0
4500.0,5000.0,4750.0,2023.0,11.0,3.0,4.0,1.0,0.0,1.0,1.0,0.0,0.0
4500.0,5000.0,4750.0,2023.0,11.0,4.0,5.0,1.0,0.0,1.0,1.0,0.0,0.0
4500.0,5000.0,4750.0,2023.0,11.0,6.0,0.0,1.0,0.0,1.0,1.0,0.0,0.0
4500.0,5000.0,4750.0,2023.0,11.0,8.0,2.0,1.0,0.0,1.0,1.0,0.0,0.0
4500.0,5000.0,4750.0,2023.0,11.0,10.0,4.0,1.0,0.0,1.0,1.0,0.0,0.0
4500.0,5000.0,4750.0,2023.0,11.0,13.0,0.0,1.0,0.0,1.0,1.0,0.0,0.0
4500.0,5000.0,4750.0,2023.0,11.0,15.0,2.0,1.0,0.0,1.0,1.0,0.0,0.0
4500.0,5000.0,4750.0,2023.0,11.0,17.0,4.0,1.0,0.0,1.0,1.0,0.0,0.0
4500.0,5000.0,4750.0,2023.0,11.0,18.0,5.0,1.0,0.0,1.0,1.0,0.0,0.0
4500.0,5000.0,4750.0,2023.0,11.0,20.0,0.0,1.0,0.0,1.0,1.0,0.0,0.0
4500.0,5000.0,4750.0,2023.0,11.0,22.0,2.0,1.0,0.0,1.0,1.0,0.0,0.0
4500.0,5000.0,4750.0,2023.0,11.0,23.0,3.0,1.0,0.0,1.0,1.0,0.0,0.0
4500.0,5000.0,4750.0,2023.0,11.0,24.0,4.0,1.0,0.0,1.0,1.0,0.0,0.0
4500.0,5000.0,4750.0,2023.0,11.0,27.0,0.0,1.0,0.0,1.0,1.0,0.0,0.0
4500.0,5000.0,4750.0,2023.0,11.0,29.0,2.0,1.0,0.0,1.0,1.0,0.0,0.0
4500.0,5000.0,4750.0,2023.0,12.0,1.0,4.0,1.0,0.0,1.0,1.0,0.0,0.0
4500.0,5000.0,4750.0,2023.0,12.0,2.0,5.0,1.0,0.0,1.0,1.0,0.0,0.0
4500.0,5000.0,4750.0,2023.0,12.0,4.0,0.0,1.0,0.0,1.0,1.0,0.0,0.0
4500.0,5000.0,4750.0,2023.0,12.0,5.0,1.0,1.0,0.0,1.0,1.0,0.0,0.0
4500.0,5000.0,4750.0,2023.0,12.0,6.0,2.0,1.0,0.0,1.0,1.0,0.0,0.0
4500.0,5000.0,4750.0,2023.0,12.0,7.0,3.0,1.0,0.0,1.0,1.0,0.0,0.0
4500.0,5000.0,4750.0,2023.0,12.0,8.0,4.0,1.0,0.0,1.0,1.0,0.0,0.0
4500.0,5000.0,4750.0,2023.0,12.0,11.0,0.0,1.0,0.0,1.0,1.0,0.0,0.0
4500.0,5000.0,4750.0,2023.0,12.0,12.0,1.0,1.0,0.0,1.0,1.0,0.0,0.0
4500.0,5000.0,4750.0,2023.0,12.0,13.0,2.0,1.0,0.0,1.0,1.0,0.0,0.0
4500.0,5000.0,4750.0,2023.0,12.0,14.0,3.0,1.0,0.0,1.0,1.0,0.0,0.0
4500.0,5000.0,4750.0,2023.0,12.0,15.0,4.0,1.0,0.0,1.0,1.0,0.0,0.0
4500.0,5000.0,4750.0,2023.0,12.0,16.0,5.0,1.0,0.0,1.0,1.0,0.0,0.0
4500.0,5000.0,4750.0,2023.0,12.0,18.0,0.0,1.0,0.0,1.0,1.0,0.0,0.0
4500.0,5000.0,4750.0,2023.0,12.0,19.0,1.0,1.0,0.0,1.0,1.0,0.0,0.0
4500.0,5000.0,4750.0,2023.0,12.0,20.0,2.0,1.0,0.0,1.0,1.0,0.0,0.0
4500.0,5000.0,4750.0,2023.0,12.0,21.0,3.0,1.0,0.0,1.0,1.0,0.0,0.0
4500.0,5000.0,4750.0,2023.0,12.0,22.0,4.0,1.0,0.0,1.0,1.0,0.0,0.0
4500.0,5000.0,4750.0,2023.0,12.0,26.0,1.0,1.0,0.0,1.0,1.0,0.0,0.0
4500.0,5000.0,4750.0,2023.0,12.0,27.0,2.0,1.0,0.0,1.0,1.0,0.0,0.0
4500.0,5000.0,4750.0,2023.0,12.0,28.0,3.0,1.0,0.0,1.0,1.0,0.0,0.0
4500.0,5000.0,4750.0,2023.0,12.0,29.0,4.0,1.0,0.0,1.0,1.0,0.0,0.0
4500.0,5000.0,4750.0,2023.0,12.0,30.0,5.0,1.0,0.0,1.0,1.0,0.0,0.0
4006.0,4006.0,4006.0,2021.0,1.0,1.0,4.0,0.0,1.0,1.0,0.0,1.0,0.0
4650.0,4650.0,4650.0,2021.0,1.0,2.0,5.0,0.0,1.0,1.0,0.0,1.0,0.0
4500.0,4700.0,4614.0,2021.0,1.0,4.0,0.0,0.0,1.0,1.0,0.0,1.0,0.0
3652.0,4006.0,3770.0,2021.0,1.0,5.0,1.0,0.0,1.0,1.0,0.0,1.0,0.0
3800.0,3800.0,3800.0,2021.0,1.0,6.0,2.0,0.0,1.0,1.0,0.0,1.0,0.0
2632.0,6532.0,5174.0,2021.0,1.0,7.0,3.0,0.0,1.0,1.0,0.0,1.0,0.0
5330.0,5808.0,5569.0,2021.0,1.0,8.0,4.0,0.0,1.0,1.0,0.0,1.0,0.0
3800.0,4789.0,4379.0,2021.0,1.0,9.0,5.0,0.0,1.0,1.0,0.0,1.0,0.0
3632.0,4848.0,4433.0,2021.0,1.0,11.0,0.0,0.0,1.0,1.0,0.0,1.0,0.0
4006.0,5263.0,4589.0,2021.0,1.0,12.0,1.0,0.0,1.0,1.0,0.0,1.0,0.0
4053.0,5620.0,4962.0,2021.0,1.0,13.0,2.0,0.0,1.0,1.0,0.0,1.0,0.0
5589.0,5589.0,5589.0,2021.0,1.0,19.0,1.0,0.0,1.0,1.0,0.0,1.0,0.0
5350.0,5350.0,5350.0,2021.0,1.0,27.0,2.0,0.0,1.0,1.0,0.0,1.0,0.0
6247.0,6247.0,6247.0,2021.0,1.0,30.0,5.0,0.0,1.0,1.0,0.0,1.0,0.0
4006.0,4006.0,4006.0,2021.0,2.0,1.0,0.0,0.0,1.0,1.0,0.0,1.0,0.0
6366.0,6366.0,6366.0,2021.0,2.0,13.0,5.0,0.0,1.0,1.0,0.0,1.0,0.0
5522.0,5522.0,5522.0,2021.0,3.0,5.0,4.0,0.0,1.0,1.0,0.0,1.0,0.0
2621.0,6912.0,5089.0,2021.0,8.0,3.0,1.0,0.0,1.0,1.0,0.0,1.0,0.0
2416.0,5361.0,3511.0,2021.0,8.0,4.0,2.0,0.0,1.0,1.0,0.0,1.0,0.0
2755.0,6889.0,5356.0,2021.0,8.0,5.0,3.0,0.0,1.0,1.0,0.0,1.0,0.0
3060.0,7189.0,5576.0,2021.0,8.0,6.0,4.0,0.0,1.0,1.0,0.0,1.0,0.0
1860.0,5410.0,3555.0,2021.0,8.0,7.0,5.0,0.0,1.0,1.0,0.0,1.0,0.0
2722.0,7219.0,5503.0,2021.0,8.0,9.0,0.0,0.0,1.0,1.0,0.0,1.0,0.0
2021.0,6088.0,3948.0,2021.0,8.0,10.0,1.0,0.0,1.0,1.0,0.0,1.0,0.0
5060.0,7169.0,6314.0,2021.0,8.0,11.0,2.0,0.0,1.0,1.0,0.0,1.0,0.0
2210.0,6119.0,4473.0,2021.0,8.0,12.0,3.0,0.0,1.0,1.0,0.0,1.0,0.0
2070.0,4731.0,3216.0,2021.0,8.0,13.0,4.0,0.0,1.0,1.0,0.0,1.0,0.0
1670.0,3403.0,2641.0,2021.0,8.0,14.0,5.0,0.0,1.0,1.0,0.0,1.0,0.0
1510.0,4330.0,3006.0,2021.0,8.0,16.0,0.0,0.0,1.0,1.0,0.0,1.0,0.0
1720.0,3142.0,2440.0,2021.0,8.0,17.0,1.0,0.0,1.0,1.0,0.0,1.0,0.0
1509.0,5222.0,4435.0,2021.0,8.0,19.0,3.0,0.0,1.0,1.0,0.0,1.0,0.0
3003.0,6069.0,4639.0,2021.0,8.0,21.0,5.0,0.0,1.0,1.0,0.0,1.0,0.0
2421.0,6242.0,3634.0,2021.0,8.0,23.0,0.0,0.0,1.0,1.0,0.0,1.0,0.0
2230.0,5510.0,3479.0,2021.0,8.0,27.0,4.0,0.0,1.0,1.0,0.0,1.0,0.0
2206.0,4860.0,3176.0,2021.0,8.0,28.0,5.0,0.0,1.0,1.0,0.0,1.0,0.0
1751.0,5489.0,3535.0,2021.0,8.0,30.0,0.0,0.0,1.0,1.0,0.0,1.0,0.0
4349.0,5429.0,4749.0,2021.0,8.0,31.0,1.0,0.0,1.0,1.0,0.0,1.0,0.0
2310.0,5630.0,3979.0,2021.0,9.0,1.0,2.0,0.0,1.0,1.0,0.0,1.0,0.0
2614.0,5822.0,4442.0,2021.0,9.0,2.0,3.0,0.0,1.0,1.0,0.0,1.0,0.0
3030.0,5110.0,4200.0,2021.0,9.0,3.0,4.0,0.0,1.0,1.0,0.0,1.0,0.0
3000.0,6060.0,4612.0,2021.0,9.0,7.0,1.0,0.0,1.0,1.0,0.0,1.0,0.0
2000.0,5200.0,3800.0,2021.0,9.0,8.0,2.0,0.0,1.0,1.0,0.0,1.0,0.0
2544.0,4116.0,3330.0,2021.0,9.0,9.0,3.0,0.0,1.0,1.0,0.0,1.0,0.0
2721.0,5460.0,4649.0,2021.0,9.0,11.0,5.0,0.0,1.0,1.0,0.0,1.0,0.0
3114.0,5410.0,4546.0,2021.0,9.0,13.0,0.0,0.0,1.0,1.0,0.0,1.0,0.0
4126.0,6102.0,5307.0,2021.0,9.0,14.0,1.0,0.0,1.0,1.0,0.0,1.0,0.0
3422.0,7489.0,5332.0,2021.0,9.0,15.0,2.0,0.0,1.0,1.0,0.0,1.0,0.0
3303.0,4559.0,3890.0,2021.0,9.0,16.0,3.0,0.0,1.0,1.0,0.0,1.0,0.0
3060.0,6530.0,5086.0,2021.0,9.0,17.0,4.0,0.0,1.0,1.0,0.0,1.0,0.0
2721.0,5689.0,4490.0,2021.0,9.0,18.0,5.0,0.0,1.0,1.0,0.0,1.0,0.0
2721.0,5800.0,4569.0,2021.0,9.0,20.0,0.0,0.0,1.0,1.0,0.0,1.0,0.0
2174.0,6389.0,4833.0,2021.0,9.0,21.0,1.0,0.0,1.0,1.0,0.0,1.0,0.0
4230.0,6309.0,5295.0,2021.0,9.0,22.0,2.0,0.0,1.0,1.0,0.0,1.0,0.0
4000.0,7412.0,5122.0,2021.0,9.0,23.0,3.0,0.0,1.0,1.0,0.0,1.0,0.0
3560.0,6150.0,5100.0,2021.0,9.0,24.0,4.0,0.0,1.0,1.0,0.0,1.0,0.0
3351.0,4610.0,3938.0,2021.0,9.0,25.0,5.0,0.0,1.0,1.0,0.0,1.0,0.0
2908.0,2908.0,2908.0,2021.0,9.0,27.0,0.0,0.0,1.0,1.0,0.0,1.0,0.0
2606.0,5489.0,3823.0,2021.0,9.0,28.0,1.0,0.0,1.0,1.0,0.0,1.0,0.0
3310.0,6622.0,4921.0,2021.0,9.0,29.0,2.0,0.0,1.0,1.0,0.0,1.0,0.0
1200.0,5829.0,4777.0,2021.0,9.0,30.0,3.0,0.0,1.0,1.0,0.0,1.0,0.0
2560.0,6549.0,4853.0,2021.0,10.0,1.0,4.0,0.0,1.0,1.0,0.0,1.0,0.0
3416.0,7032.0,5421.0,2021.0,10.0,4.0,0.0,0.0,1.0,1.0,0.0,1.0,0.0
1810.0,5670.0,3445.0,2021.0,10.0,7.0,3.0,0.0,1.0,1.0,0.0,1.0,0.0
2621.0,5890.0,4975.0,2021.0,10.0,8.0,4.0,0.0,1.0,1.0,0.0,1.0,0.0
4690.0,6070.0,5365.0,2021.0,10.0,9.0,5.0,0.0,1.0,1.0,0.0,1.0,0.0
4030.0,7712.0,6139.0,2021.0,10.0,11.0,0.0,0.0,1.0,1.0,0.0,1.0,0.0
2152.0,7476.0,5709.0,2021.0,10.0,12.0,1.0,0.0,1.0,1.0,0.0,1.0,0.0
2530.0,6860.0,5448.0,2021.0,10.0,13.0,2.0,0.0,1.0,1.0,0.0,1.0,0.0
2755.0,6589.0,5139.0,2021.0,10.0,18.0,0.0,0.0,1.0,1.0,0.0,1.0,0.0
4560.0,7402.0,5735.0,2021.0,10.0,21.0,3.0,0.0,1.0,1.0,0.0,1.0,0.0
2051.0,7070.0,4907.0,2021.0,10.0,22.0,4.0,0.0,1.0,1.0,0.0,1.0,0.0
3135.0,7602.0,6025.0,2021.0,10.0,23.0,5.0,0.0,1.0,1.0,0.0,1.0,0.0
2161.0,7132.0,5285.0,2021.0,10.0,25.0,0.0,0.0,1.0,1.0,0.0,1.0,0.0
3060.0,7090.0,5393.0,2021.0,10.0,26.0,1.0,0.0,1.0,1.0,0.0,1.0,0.0
2910.0,7189.0,5539.0,2021.0,10.0,27.0,2.0,0.0,1.0,1.0,0.0,1.0,0.0
2017.0,7830.0,5303.0,2021.0,10.0,28.0,3.0,0.0,1.0,1.0,0.0,1.0,0.0
2884.0,7320.0,5447.0,2021.0,10.0,29.0,4.0,0.0,1.0,1.0,0.0,1.0,0.0
1500.0,7219.0,5275.0,2021.0,10.0,30.0,5.0,0.0,1.0,1.0,0.0,1.0,0.0
2351.0,6689.0,4456.0,2021.0,11.0,2.0,1.0,0.0,1.0,1.0,0.0,1.0,0.0
3136.0,7418.0,5913.0,2021.0,11.0,4.0,3.0,0.0,1.0,1.0,0.0,1.0,0.0
3737.0,7751.0,5651.0,2021.0,11.0,6.0,5.0,0.0,1.0,1.0,0.0,1.0,0.0
4316.0,7189.0,5812.0,2021.0,11.0,8.0,0.0,0.0,1.0,1.0,0.0,1.0,0.0
3289.0,7189.0,5508.0,2021.0,11.0,9.0,1.0,0.0,1.0,1.0,0.0,1.0,0.0
4010.0,7422.0,6116.0,2021.0,11.0,10.0,2.0,0.0,1.0,1.0,0.0,1.0,0.0
3289.0,7069.0,5193.0,2021.0,11.0,11.0,3.0,0.0,1.0,1.0,0.0,1.0,0.0
2350.0,5310.0,4033.0,2021.0,11.0,12.0,4.0,0.0,1.0,1.0,0.0,1.0,0.0
4478.0,7432.0,4902.0,2021.0,11.0,13.0,5.0,0.0,1.0,1.0,0.0,1.0,0.0
2650.0,6832.0,3989.0,2021.0,11.0,15.0,0.0,0.0,1.0,1.0,0.0,1.0,0.0
2560.0,5261.0,3990.0,2021.0,11.0,16.0,1.0,0.0,1.0,1.0,0.0,1.0,0.0
4461.0,6122.0,5290.0,2021.0,11.0,17.0,2.0,0.0,1.0,1.0,0.0,1.0,0.0
2419.0,5119.0,3714.0,2021.0,11.0,18.0,3.0,0.0,1.0,1.0,0.0,1.0,0.0
2760.0,3130.0,2942.0,2021.0,11.0,19.0,4.0,0.0,1.0,1.0,0.0,1.0,0.0
3689.0,4149.0,3970.0,2021.0,11.0,20.0,5.0,0.0,1.0,1.0,0.0,1.0,0.0
4000.0,6010.0,5384.0,2021.0,11.0,23.0,1.0,0.0,1.0,1.0,0.0,1.0,0.0
3664.0,7462.0,5346.0,2021.0,11.0,24.0,2.0,0.0,1.0,1.0,0.0,1.0,0.0
3869.0,5326.0,4682.0,2021.0,11.0,25.0,3.0,0.0,1.0,1.0,0.0,1.0,0.0
2851.0,7252.0,5442.0,2021.0,11.0,26.0,4.0,0.0,1.0,1.0,0.0,1.0,0.0
2559.0,5140.0,4052.0,2021.0,11.0,27.0,5.0,0.0,1.0,1.0,0.0,1.0,0.0
3434.0,7469.0,4659.0,2021.0,11.0,29.0,0.0,0.0,1.0,1.0,0.0,1.0,0.0
3007.0,6629.0,4881.0,2021.0,11.0,30.0,1.0,0.0,1.0,1.0,0.0,1.0,0.0
3569.0,7002.0,5588.0,2021.0,12.0,1.0,2.0,0.0,1.0,1.0,0.0,1.0,0.0
3351.0,7156.0,5038.0,2021.0,12.0,2.0,3.0,0.0,1.0,1.0,0.0,1.0,0.0
3081.0,7052.0,5444.0,2021.0,12.0,3.0,4.0,0.0,1.0,1.0,0.0,1.0,0.0
2021.0,5906.0,4136.0,2021.0,12.0,4.0,5.0,0.0,1.0,1.0,0.0,1.0,0.0
2815.0,6060.0,4688.0,2021.0,12.0,6.0,0.0,0.0,1.0,1.0,0.0,1.0,0.0
3000.0,6206.0,4724.0,2021.0,12.0,7.0,1.0,0.0,1.0,1.0,0.0,1.0,0.0
4461.0,8019.0,6129.0,2021.0,12.0,8.0,2.0,0.0,1.0,1.0,0.0,1.0,0.0
3862.0,6032.0,5200.0,2021.0,12.0,9.0,3.0,0.0,1.0,1.0,0.0,1.0,0.0
3561.0,6105.0,4604.0,2021.0,12.0,10.0,4.0,0.0,1.0,1.0,0.0,1.0,0.0
3821.0,6100.0,4894.0,2021.0,12.0,13.0,0.0,0.0,1.0,1.0,0.0,1.0,0.0
5915.0,6609.0,6213.0,2021.0,12.0,14.0,1.0,0.0,1.0,1.0,0.0,1.0,0.0
4315.0,5509.0,4854.0,2021.0,12.0,15.0,2.0,0.0,1.0,1.0,0.0,1.0,0.0
4426.0,7832.0,5573.0,2021.0,12.0,16.0,3.0,0.0,1.0,1.0,0.0,1.0,0.0
3851.0,4251.0,4041.0,2021.0,12.0,17.0,4.0,0.0,1.0,1.0,0.0,1.0,0.0
4301.0,5058.0,4595.0,2021.0,12.0,18.0,5.0,0.0,1.0,1.0,0.0,1.0,0.0
3106.0,5730.0,4357.0,2021.0,12.0,20.0,0.0,0.0,1.0,1.0,0.0,1.0,0.0
4807.0,5500.0,5102.0,2021.0,12.0,22.0,2.0,0.0,1.0,1.0,0.0,1.0,0.0
2832.0,4051.0,3442.0,2021.0,12.0,23.0,3.0,0.0,1.0,1.0,0.0,1.0,0.0
2921.0,4807.0,3951.0,2021.0,12.0,24.0,4.0,0.0,1.0,1.0,0.0,1.0,0.0
3221.0,3651.0,3394.0,2021.0,12.0,27.0,0.0,0.0,1.0,1.0,0.0,1.0,0.0
2638.0,2638.0,2638.0,2021.0,12.0,28.0,1.0,0.0,1.0,1.0,0.0,1.0,0.0
4251.0,4251.0,4251.0,2021.0,12.0,30.0,3.0,0.0,1.0,1.0,0.0,1.0,0.0
5025.0,5052.0,5039.0,2021.0,12.0,31.0,4.0,0.0,1.0,1.0,0.0,1.0,0.0
3400.0,5509.0,4906.0,2022.0,1.0,3.0,0.0,0.0,1.0,1.0,0.0,1.0,0.0
5203.0,5272.0,5241.0,2022.0,1.0,5.0,2.0,0.0,1.0,1.0,0.0,1.0,0.0
4851.0,5751.0,5308.0,2022.0,1.0,6.0,3.0,0.0,1.0,1.0,0.0,1.0,0.0
5021.0,5304.0,5161.0,2022.0,1.0,7.0,4.0,0.0,1.0,1.0,0.0,1.0,0.0
3906.0,4106.0,4006.0,2022.0,1.0,10.0,0.0,0.0,1.0,1.0,0.0,1.0,0.0
5351.0,6570.0,5879.0,2022.0,1.0,11.0,1.0,0.0,1.0,1.0,0.0,1.0,0.0
3189.0,6100.0,4991.0,2022.0,1.0,12.0,2.0,0.0,1.0,1.0,0.0,1.0,0.0
4809.0,6708.0,5759.0,2022.0,1.0,29.0,5.0,0.0,1.0,1.0,0.0,1.0,0.0
3400.0,4212.0,3837.0,2022.0,2.0,7.0,0.0,0.0,1.0,1.0,0.0,1.0,0.0
6159.0,6159.0,6159.0,2022.0,2.0,28.0,0.0,0.0,1.0,1.0,0.0,1.0,0.0
6400.0,6400.0,6400.0,2022.0,3.0,18.0,4.0,0.0,1.0,1.0,0.0,1.0,0.0
5808.0,6301.0,6032.0,2022.0,3.0,23.0,2.0,0.0,1.0,1.0,0.0,1.0,0.0
6240.0,6240.0,6240.0,2022.0,4.0,8.0,4.0,0.0,1.0,1.0,0.0,1.0,0.0
5049.0,5049.0,5049.0,2022.0,4.0,13.0,2.0,0.0,1.0,1.0,0.0,1.0,0.0
3933.0,3933.0,3933.0,2022.0,4.0,21.0,3.0,0.0,1.0,1.0,0.0,1.0,0.0
4021.0,4021.0,4021.0,2022.0,4.0,25.0,0.0,0.0,1.0,1.0,0.0,1.0,0.0
5625.0,5825.0,5739.0,2022.0,5.0,9.0,0.0,0.0,1.0,1.0,0.0,1.0,0.0
6349.0,6722.0,6525.0,2022.0,5.0,12.0,3.0,0.0,1.0,1.0,0.0,1.0,0.0
5253.0,5253.0,5253.0,2022.0,5.0,17.0,1.0,0.0,1.0,1.0,0.0,1.0,0.0
6512.0,6512.0,6512.0,2022.0,5.0,31.0,1.0,0.0,1.0,1.0,0.0,1.0,0.0
4269.0,4269.0,4269.0,2022.0,6.0,1.0,2.0,0.0,1.0,1.0,0.0,1.0,0.0
4501.0,4501.0,4501.0,2022.0,6.0,2.0,3.0,0.0,1.0,1.0,0.0,1.0,0.0
3910.0,4069.0,3990.0,2022.0,6.0,3.0,4.0,0.0,1.0,1.0,0.0,1.0,0.0
4351.0,4351.0,4351.0,2022.0,6.0,9.0,3.0,0.0,1.0,1.0,0.0,1.0,0.0
3751.0,3751.0,3751.0,2022.0,6.0,11.0,5.0,0.0,1.0,1.0,0.0,1.0,0.0
4510.0,4510.0,4510.0,2022.0,6.0,14.0,1.0,0.0,1.0,1.0,0.0,1.0,0.0
4207.0,4207.0,4207.0,2022.0,6.0,15.0,2.0,0.0,1.0,1.0,0.0,1.0,0.0
4270.0,4414.0,4342.0,2022.0,6.0,16.0,3.0,0.0,1.0,1.0,0.0,1.0,0.0
3249.0,4649.0,3886.0,2022.0,6.0,17.0,4.0,0.0,1.0,1.0,0.0,1.0,0.0
3869.0,4326.0,4098.0,2022.0,6.0,18.0,5.0,0.0,1.0,1.0,0.0,1.0,0.0
5720.0,5720.0,5720.0,2022.0,6.0,20.0,0.0,0.0,1.0,1.0,0.0,1.0,0.0
4062.0,4062.0,4062.0,2022.0,6.0,23.0,3.0,0.0,1.0,1.0,0.0,1.0,0.0
3759.0,4260.0,3888.0,2022.0,6.0,24.0,4.0,0.0,1.0,1.0,0.0,1.0,0.0
3333.0,4051.0,3604.0,2022.0,6.0,25.0,5.0,0.0,1.0,1.0,0.0,1.0,0.0
2061.0,3909.0,3314.0,2022.0,6.0,27.0,0.0,0.0,1.0,1.0,0.0,1.0,0.0
4328.0,4328.0,4328.0,2022.0,6.0,28.0,1.0,0.0,1.0,1.0,0.0,1.0,0.0
3369.0,4373.0,4092.0,2022.0,6.0,29.0,2.0,0.0,1.0,1.0,0.0,1.0,0.0
2651.0,3551.0,3029.0,2022.0,6.0,30.0,3.0,0.0,1.0,1.0,0.0,1.0,0.0
3729.0,6430.0,5079.0,2022.0,7.0,1.0,4.0,0.0,1.0,1.0,0.0,1.0,0.0
1230.0,5610.0,2525.0,2022.0,7.0,2.0,5.0,0.0,1.0,1.0,0.0,1.0,0.0
3263.0,4101.0,3768.0,2022.0,7.0,4.0,0.0,0.0,1.0,1.0,0.0,1.0,0.0
2716.0,4051.0,3476.0,2022.0,7.0,5.0,1.0,0.0,1.0,1.0,0.0,1.0,0.0
2836.0,2836.0,2836.0,2022.0,7.0,7.0,3.0,0.0,1.0,1.0,0.0,1.0,0.0
2165.0,4650.0,3336.0,2022.0,7.0,8.0,4.0,0.0,1.0,1.0,0.0,1.0,0.0
1400.0,2530.0,2022.0,2022.0,7.0,11.0,0.0,0.0,1.0,1.0,0.0,1.0,0.0
2109.0,4559.0,3187.0,2022.0,7.0,12.0,1.0,0.0,1.0,1.0,0.0,1.0,0.0
3729.0,4509.0,4119.0,2022.0,7.0,13.0,2.0,0.0,1.0,1.0,0.0,1.0,0.0
2603.0,5560.0,4040.0,2022.0,7.0,14.0,3.0,0.0,1.0,1.0,0.0,1.0,0.0
3009.0,9251.0,4331.0,2022.0,7.0,18.0,0.0,0.0,1.0,1.0,0.0,1.0,0.0
1511.0,5116.0,4110.0,2022.0,7.0,19.0,1.0,0.0,1.0,1.0,0.0,1.0,0.0
2559.0,5762.0,3976.0,2022.0,7.0,20.0,2.0,0.0,1.0,1.0,0.0,1.0,0.0
3229.0,6250.0,5210.0,2022.0,7.0,21.0,3.0,0.0,1.0,1.0,0.0,1.0,0.0
3309.0,6366.0,4560.0,2022.0,7.0,22.0,4.0,0.0,1.0,1.0,0.0,1.0,0.0
2629.0,5889.0,4499.0,2022.0,7.0,23.0,5.0,0.0,1.0,1.0,0.0,1.0,0.0
2854.0,6417.0,4740.0,2022.0,7.0,25.0,0.0,0.0,1.0,1.0,0.0,1.0,0.0
3309.0,5509.0,4579.0,2022.0,7.0,26.0,1.0,0.0,1.0,1.0,0.0,1.0,0.0
3030.0,5871.0,4572.0,2022.0,7.0,27.0,2.0,0.0,1.0,1.0,0.0,1.0,0.0
4659.0,5700.0,4918.0,2022.0,7.0,28.0,3.0,0.0,1.0,1.0,0.0,1.0,0.0
1510.0,5746.0,4897.0,2022.0,7.0,29.0,4.0,0.0,1.0,1.0,0.0,1.0,0.0
4229.0,7354.0,6304.0,2022.0,7.0,30.0,5.0,0.0,1.0,1.0,0.0,1.0,0.0
3821.0,6069.0,5124.0,2022.0,8.0,1.0,0.0,0.0,1.0,1.0,0.0,1.0,0.0
1820.0,7257.0,5288.0,2022.0,8.0,2.0,1.0,0.0,1.0,1.0,0.0,1.0,0.0
1626.0,7469.0,5488.0,2022.0,8.0,3.0,2.0,0.0,1.0,1.0,0.0,1.0,0.0
1809.0,6300.0,4411.0,2022.0,8.0,4.0,3.0,0.0,1.0,1.0,0.0,1.0,0.0
5602.0,6666.0,6052.0,2022.0,8.0,5.0,4.0,0.0,1.0,1.0,0.0,1.0,0.0
2620.0,6060.0,3376.0,2022.0,8.0,6.0,5.0,0.0,1.0,1.0,0.0,1.0,0.0
2029.0,7472.0,4911.0,2022.0,8.0,8.0,0.0,0.0,1.0,1.0,0.0,1.0,0.0
3451.0,7560.0,5253.0,2022.0,8.0,10.0,2.0,0.0,1.0,1.0,0.0,1.0,0.0
1809.0,5529.0,3581.0,2022.0,8.0,12.0,4.0,0.0,1.0,1.0,0.0,1.0,0.0
1909.0,6609.0,3599.0,2022.0,8.0,13.0,5.0,0.0,1.0,1.0,0.0,1.0,0.0
2421.0,7820.0,4724.0,2022.0,8.0,16.0,1.0,0.0,1.0,1.0,0.0,1.0,0.0
3007.0,6470.0,4871.0,2022.0,8.0,17.0,2.0,0.0,1.0,1.0,0.0,1.0,0.0
3551.0,6209.0,4813.0,2022.0,8.0,18.0,3.0,0.0,1.0,1.0,0.0,1.0,0.0
3451.0,7149.0,5612.0,2022.0,8.0,19.0,4.0,0.0,1.0,1.0,0.0,1.0,0.0
2510.0,6607.0,4336.0,2022.0,8.0,20.0,5.0,0.0,1.0,1.0,0.0,1.0,0.0
2851.0,7420.0,5254.0,2022.0,8.0,22.0,0.0,0.0,1.0,1.0,0.0,1.0,0.0
2860.0,7651.0,5241.0,2022.0,8.0,23.0,1.0,0.0,1.0,1.0,0.0,1.0,0.0
5439.0,7059.0,6082.0,2022.0,8.0,24.0,2.0,0.0,1.0,1.0,0.0,1.0,0.0
2365.0,7102.0,4593.0,2022.0,8.0,25.0,3.0,0.0,1.0,1.0,0.0,1.0,0.0
3504.0,6209.0,5078.0,2022.0,8.0,26.0,4.0,0.0,1.0,1.0,0.0,1.0,0.0
3663.0,5209.0,4634.0,2022.0,8.0,27.0,5.0,0.0,1.0,1.0,0.0,1.0,0.0
2400.0,7132.0,4276.0,2022.0,8.0,29.0,0.0,0.0,1.0,1.0,0.0,1.0,0.0
1709.0,7172.0,4007.0,2022.0,8.0,30.0,1.0,0.0,1.0,1.0,0.0,1.0,0.0
2209.0,6329.0,3593.0,2022.0,9.0,2.0,4.0,0.0,1.0,1.0,0.0,1.0,0.0
2506.0,6310.0,4740.0,2022.0,9.0,3.0,5.0,0.0,1.0,1.0,0.0,1.0,0.0
2461.0,6029.0,3823.0,2022.0,9.0,5.0,0.0,0.0,1.0,1.0,0.0,1.0,0.0
4409.0,6129.0,5172.0,2022.0,9.0,6.0,1.0,0.0,1.0,1.0,0.0,1.0,0.0
3721.0,6822.0,4631.0,2022.0,9.0,7.0,2.0,0.0,1.0,1.0,0.0,1.0,0.0
2059.0,5709.0,3573.0,2022.0,9.0,8.0,3.0,0.0,1.0,1.0,0.0,1.0,0.0
2260.0,5529.0,3842.0,2022.0,9.0,9.0,4.0,0.0,1.0,1.0,0.0,1.0,0.0
3151.0,7401.0,4173.0,2022.0,9.0,10.0,5.0,0.0,1.0,1.0,0.0,1.0,0.0
3109.0,6022.0,4265.0,2022.0,9.0,12.0,0.0,0.0,1.0,1.0,0.0,1.0,0.0
2530.0,5050.0,4191.0,2022.0,9.0,13.0,1.0,0.0,1.0,1.0,0.0,1.0,0.0
5250.0,5830.0,5490.0,2022.0,9.0,14.0,2.0,0.0,1.0,1.0,0.0,1.0,0.0
3679.0,6730.0,4830.0,2022.0,9.0,15.0,3.0,0.0,1.0,1.0,0.0,1.0,0.0
3007.0,3851.0,3456.0,2022.0,9.0,16.0,4.0,0.0,1.0,1.0,0.0,1.0,0.0
3376.0,4716.0,4262.0,2022.0,9.0,17.0,5.0,0.0,1.0,1.0,0.0,1.0,0.0
4202.0,6530.0,5362.0,2022.0,9.0,19.0,0.0,0.0,1.0,1.0,0.0,1.0,0.0
4429.0,6529.0,5211.0,2022.0,9.0,20.0,1.0,0.0,1.0,1.0,0.0,1.0,0.0
4261.0,5562.0,4724.0,2022.0,9.0,21.0,2.0,0.0,1.0,1.0,0.0,1.0,0.0
3863.0,4860.0,4440.0,2022.0,9.0,22.0,3.0,0.0,1.0,1.0,0.0,1.0,0.0
4000.0,5809.0,4939.0,2022.0,9.0,23.0,4.0,0.0,1.0,1.0,0.0,1.0,0.0
4872.0,5872.0,5472.0,2022.0,9.0,24.0,5.0,0.0,1.0,1.0,0.0,1.0,0.0
4251.0,6309.0,5326.0,2022.0,9.0,26.0,0.0,0.0,1.0,1.0,0.0,1.0,0.0
4726.0,5461.0,5415.0,2022.0,9.0,27.0,1.0,0.0,1.0,1.0,0.0,1.0,0.0
3826.0,5629.0,4979.0,2022.0,9.0,28.0,2.0,0.0,1.0,1.0,0.0,1.0,0.0
3509.0,5029.0,4382.0,2022.0,9.0,29.0,3.0,0.0,1.0,1.0,0.0,1.0,0.0
3821.0,5079.0,4518.0,2022.0,9.0,30.0,4.0,0.0,1.0,1.0,0.0,1.0,0.0
4359.0,6050.0,4977.0,2022.0,10.0,1.0,5.0,0.0,1.0,1.0,0.0,1.0,0.0
2519.0,5260.0,4147.0,2022.0,10.0,3.0,0.0,0.0,1.0,1.0,0.0,1.0,0.0
4676.0,4676.0,4676.0,2022.0,10.0,6.0,3.0,0.0,1.0,1.0,0.0,1.0,0.0
4269.0,7059.0,5915.0,2022.0,10.0,7.0,4.0,0.0,1.0,1.0,0.0,1.0,0.0
4129.0,6010.0,5147.0,2022.0,10.0,8.0,5.0,0.0,1.0,1.0,0.0,1.0,0.0
4229.0,5830.0,4865.0,2022.0,10.0,10.0,0.0,0.0,1.0,1.0,0.0,1.0,0.0
4769.0,5860.0,5296.0,2022.0,10.0,11.0,1.0,0.0,1.0,1.0,0.0,1.0,0.0
4126.0,6335.0,4913.0,2022.0,10.0,12.0,2.0,0.0,1.0,1.0,0.0,1.0,0.0
3051.0,6659.0,4696.0,2022.0,10.0,13.0,3.0,0.0,1.0,1.0,0.0,1.0,0.0
3381.0,3401.0,3391.0,2022.0,10.0,14.0,4.0,0.0,1.0,1.0,0.0,1.0,0.0
3521.0,3659.0,3590.0,2022.0,10.0,15.0,5.0,0.0,1.0,1.0,0.0,1.0,0.0
3529.0,6204.0,4833.0,2022.0,10.0,17.0,0.0,0.0,1.0,1.0,0.0,1.0,0.0
4161.0,7212.0,5497.0,2022.0,10.0,18.0,1.0,0.0,1.0,1.0,0.0,1.0,0.0
4569.0,7210.0,5552.0,2022.0,10.0,19.0,2.0,0.0,1.0,1.0,0.0,1.0,0.0
4144.0,7000.0,5521.0,2022.0,10.0,20.0,3.0,0.0,1.0,1.0,0.0,1.0,0.0
4159.0,7150.0,5485.0,2022.0,10.0,21.0,4.0,0.0,1.0,1.0,0.0,1.0,0.0
2829.0,6859.0,5402.0,2022.0,10.0,22.0,5.0,0.0,1.0,1.0,0.0,1.0,0.0
4769.0,7250.0,6218.0,2022.0,10.0,25.0,1.0,0.0,1.0,1.0,0.0,1.0,0.0
5000.0,7572.0,6713.0,2022.0,10.0,27.0,3.0,0.0,1.0,1.0,0.0,1.0,0.0
4869.0,7611.0,6826.0,2022.0,10.0,28.0,4.0,0.0,1.0,1.0,0.0,1.0,0.0
6516.0,7520.0,7171.0,2022.0,10.0,29.0,5.0,0.0,1.0,1.0,0.0,1.0,0.0
3612.0,7642.0,6693.0,2022.0,10.0,31.0,0.0,0.0,1.0,1.0,0.0,1.0,0.0
5460.0,7730.0,7169.0,2022.0,11.0,2.0,2.0,0.0,1.0,1.0,0.0,1.0,0.0
5101.0,7772.0,7297.0,2022.0,11.0,3.0,3.0,0.0,1.0,1.0,0.0,1.0,0.0
6786.0,7812.0,7299.0,2022.0,11.0,4.0,4.0,0.0,1.0,1.0,0.0,1.0,0.0
6310.0,8401.0,7694.0,2022.0,11.0,5.0,5.0,0.0,1.0,1.0,0.0,1.0,0.0
6567.0,7330.0,6886.0,2022.0,11.0,7.0,0.0,0.0,1.0,1.0,0.0,1.0,0.0
3574.0,8112.0,5120.0,2022.0,11.0,8.0,1.0,0.0,1.0,1.0,0.0,1.0,0.0
5859.0,5859.0,5859.0,2022.0,11.0,9.0,2.0,0.0,1.0,1.0,0.0,1.0,0.0
2316.0,4036.0,3606.0,2022.0,11.0,14.0,0.0,0.0,1.0,1.0,0.0,1.0,0.0
3809.0,8140.0,6160.0,2022.0,11.0,15.0,1.0,0.0,1.0,1.0,0.0,1.0,0.0
2051.0,2081.0,2066.0,2022.0,11.0,16.0,2.0,0.0,1.0,1.0,0.0,1.0,0.0
4416.0,6859.0,5457.0,2022.0,11.0,17.0,3.0,0.0,1.0,1.0,0.0,1.0,0.0
3851.0,5863.0,5172.0,2022.0,11.0,18.0,4.0,0.0,1.0,1.0,0.0,1.0,0.0
3200.0,6595.0,5163.0,2022.0,11.0,19.0,5.0,0.0,1.0,1.0,0.0,1.0,0.0
3717.0,6870.0,5064.0,2022.0,11.0,21.0,0.0,0.0,1.0,1.0,0.0,1.0,0.0
4302.0,4302.0,4302.0,2022.0,11.0,22.0,1.0,0.0,1.0,1.0,0.0,1.0,0.0
4906.0,4906.0,4906.0,2022.0,11.0,23.0,2.0,0.0,1.0,1.0,0.0,1.0,0.0
3733.0,6810.0,5301.0,2022.0,11.0,24.0,3.0,0.0,1.0,1.0,0.0,1.0,0.0
4500.0,5721.0,5111.0,2022.0,11.0,25.0,4.0,0.0,1.0,1.0,0.0,1.0,0.0
4863.0,5858.0,5434.0,2022.0,11.0,26.0,5.0,0.0,1.0,1.0,0.0,1.0,0.0
3809.0,3809.0,3809.0,2022.0,11.0,29.0,1.0,0.0,1.0,1.0,0.0,1.0,0.0
5377.0,5377.0,5377.0,2022.0,12.0,14.0,2.0,0.0,1.0,1.0,0.0,1.0,0.0
4509.0,4509.0,4509.0,2022.0,12.0,19.0,0.0,0.0,1.0,1.0,0.0,1.0,0.0
4383.0,4383.0,4383.0,2022.0,12.0,20.0,1.0,0.0,1.0,1.0,0.0,1.0,0.0
6131.0,6131.0,6131.0,2023.0,1.0,10.0,1.0,0.0,1.0,1.0,0.0,1.0,0.0
3800.0,5600.0,4800.0,2023.0,1.0,11.0,2.0,0.0,1.0,1.0,0.0,1.0,0.0
6479.0,6479.0,6479.0,2023.0,1.0,19.0,3.0,0.0,1.0,1.0,0.0,1.0,0.0
5230.0,5230.0,5230.0,2023.0,1.0,31.0,1.0,0.0,1.0,1.0,0.0,1.0,0.0
6130.0,6130.0,6130.0,2023.0,2.0,6.0,0.0,0.0,1.0,1.0,0.0,1.0,0.0
4229.0,7029.0,5762.0,2023.0,2.0,27.0,0.0,0.0,1.0,1.0,0.0,1.0,0.0
4851.0,4851.0,4851.0,2023.0,3.0,20.0,0.0,0.0,1.0,1.0,0.0,1.0,0.0
4451.0,4451.0,4451.0,2023.0,3.0,27.0,0.0,0.0,1.0,1.0,0.0,1.0,0.0
4269.0,4629.0,4449.0,2023.0,5.0,11.0,3.0,0.0,1.0,1.0,0.0,1.0,0.0
7403.0,8064.0,7734.0,2023.0,6.0,20.0,1.0,0.0,1.0,1.0,0.0,1.0,0.0
4451.0,4451.0,4451.0,2023.0,6.0,21.0,2.0,0.0,1.0,1.0,0.0,1.0,0.0
4051.0,4629.0,4372.0,2023.0,6.0,22.0,3.0,0.0,1.0,1.0,0.0,1.0,0.0
4850.0,4850.0,4850.0,2023.0,6.0,24.0,5.0,0.0,1.0,1.0,0.0,1.0,0.0
4101.0,7374.0,6283.0,2023.0,6.0,26.0,0.0,0.0,1.0,1.0,0.0,1.0,0.0
3451.0,7170.0,5522.0,2023.0,6.0,27.0,1.0,0.0,1.0,1.0,0.0,1.0,0.0
4329.0,5181.0,4576.0,2023.0,6.0,28.0,2.0,0.0,1.0,1.0,0.0,1.0,0.0
3501.0,5349.0,4641.0,2023.0,6.0,30.0,4.0,0.0,1.0,1.0,0.0,1.0,0.0
4181.0,5826.0,5165.0,2023.0,7.0,1.0,5.0,0.0,1.0,1.0,0.0,1.0,0.0
3951.0,8129.0,6001.0,2023.0,7.0,3.0,0.0,0.0,1.0,1.0,0.0,1.0,0.0
3501.0,7329.0,5101.0,2023.0,7.0,4.0,1.0,0.0,1.0,1.0,0.0,1.0,0.0
4629.0,7850.0,6272.0,2023.0,7.0,5.0,2.0,0.0,1.0,1.0,0.0,1.0,0.0
3519.0,6700.0,5011.0,2023.0,7.0,6.0,3.0,0.0,1.0,1.0,0.0,1.0,0.0
5760.0,5760.0,5760.0,2023.0,7.0,7.0,4.0,0.0,1.0,1.0,0.0,1.0,0.0
5200.0,7500.0,6914.0,2023.0,7.0,8.0,5.0,0.0,1.0,1.0,0.0,1.0,0.0
4675.0,7360.0,6019.0,2023.0,7.0,10.0,0.0,0.0,1.0,1.0,0.0,1.0,0.0
4421.0,6499.0,5070.0,2023.0,7.0,11.0,1.0,0.0,1.0,1.0,0.0,1.0,0.0
3359.0,8280.0,5423.0,2023.0,7.0,12.0,2.0,0.0,1.0,1.0,0.0,1.0,0.0
4451.0,4630.0,4534.0,2023.0,7.0,14.0,4.0,0.0,1.0,1.0,0.0,1.0,0.0
4251.0,4451.0,4360.0,2023.0,7.0,15.0,5.0,0.0,1.0,1.0,0.0,1.0,0.0
3710.0,8281.0,6558.0,2023.0,7.0,17.0,0.0,0.0,1.0,1.0,0.0,1.0,0.0
4709.0,8248.0,6807.0,2023.0,7.0,18.0,1.0,0.0,1.0,1.0,0.0,1.0,0.0
4009.0,9069.0,6389.0,2023.0,7.0,19.0,2.0,0.0,1.0,1.0,0.0,1.0,0.0
6810.0,8906.0,7833.0,2023.0,7.0,20.0,3.0,0.0,1.0,1.0,0.0,1.0,0.0
4059.0,9529.0,7020.0,2023.0,7.0,21.0,4.0,0.0,1.0,1.0,0.0,1.0,0.0
3951.0,4629.0,4290.0,2023.0,7.0,22.0,5.0,0.0,1.0,1.0,0.0,1.0,0.0
3516.0,9705.0,7484.0,2023.0,7.0,24.0,0.0,0.0,1.0,1.0,0.0,1.0,0.0
5578.0,5578.0,5578.0,2023.0,7.0,25.0,1.0,0.0,1.0,1.0,0.0,1.0,0.0
3007.0,4251.0,3380.0,2023.0,7.0,26.0,2.0,0.0,1.0,1.0,0.0,1.0,0.0
5029.0,9469.0,7476.0,2023.0,7.0,27.0,3.0,0.0,1.0,1.0,0.0,1.0,0.0
4921.0,6309.0,5615.0,2023.0,7.0,28.0,4.0,0.0,1.0,1.0,0.0,1.0,0.0
1509.0,7787.0,5332.0,2023.0,7.0,31.0,0.0,0.0,1.0,1.0,0.0,1.0,0.0
1750.0,8386.0,6094.0,2023.0,8.0,1.0,1.0,0.0,1.0,1.0,0.0,1.0,0.0
3801.0,9789.0,7385.0,2023.0,8.0,2.0,2.0,0.0,1.0,1.0,0.0,1.0,0.0
4829.0,9619.0,7551.0,2023.0,8.0,3.0,3.0,0.0,1.0,1.0,0.0,1.0,0.0
4151.0,9829.0,7838.0,2023.0,8.0,4.0,4.0,0.0,1.0,1.0,0.0,1.0,0.0
3616.0,7575.0,6192.0,2023.0,8.0,5.0,5.0,0.0,1.0,1.0,0.0,1.0,0.0
3039.0,9819.0,7792.0,2023.0,8.0,7.0,0.0,0.0,1.0,1.0,0.0,1.0,0.0
6770.0,8069.0,7420.0,2023.0,8.0,8.0,1.0,0.0,1.0,1.0,0.0,1.0,0.0
6350.0,9119.0,7641.0,2023.0,8.0,9.0,2.0,0.0,1.0,1.0,0.0,1.0,0.0
2661.0,8869.0,6660.0,2023.0,8.0,10.0,3.0,0.0,1.0,1.0,0.0,1.0,0.0
4509.0,8889.0,8120.0,2023.0,8.0,11.0,4.0,0.0,1.0,1.0,0.0,1.0,0.0
5569.0,8769.0,7605.0,2023.0,8.0,12.0,5.0,0.0,1.0,1.0,0.0,1.0,0.0
2602.0,8469.0,5803.0,2023.0,8.0,14.0,0.0,0.0,1.0,1.0,0.0,1.0,0.0
6020.0,6561.0,6345.0,2023.0,8.0,16.0,2.0,0.0,1.0,1.0,0.0,1.0,0.0
4069.0,8919.0,7020.0,2023.0,8.0,17.0,3.0,0.0,1.0,1.0,0.0,1.0,0.0
3029.0,9030.0,5918.0,2023.0,8.0,18.0,4.0,0.0,1.0,1.0,0.0,1.0,0.0
7059.0,7059.0,7059.0,2023.0,8.0,19.0,5.0,0.0,1.0,1.0,0.0,1.0,0.0
3061.0,8489.0,5638.0,2023.0,8.0,21.0,0.0,0.0,1.0,1.0,0.0,1.0,0.0
3521.0,7020.0,5259.0,2023.0,8.0,22.0,1.0,0.0,1.0,1.0,0.0,1.0,0.0
3561.0,8489.0,5036.0,2023.0,8.0,23.0,2.0,0.0,1.0,1.0,0.0,1.0,0.0
4353.0,8729.0,6587.0,2023.0,8.0,24.0,3.0,0.0,1.0,1.0,0.0,1.0,0.0
4659.0,6369.0,5780.0,2023.0,8.0,25.0,4.0,0.0,1.0,1.0,0.0,1.0,0.0
4119.0,7439.0,6085.0,2023.0,8.0,26.0,5.0,0.0,1.0,1.0,0.0,1.0,0.0
3166.0,8389.0,6375.0,2023.0,8.0,28.0,0.0,0.0,1.0,1.0,0.0,1.0,0.0
4151.0,7689.0,5063.0,2023.0,8.0,29.0,1.0,0.0,1.0,1.0,0.0,1.0,0.0
4269.0,7430.0,5918.0,2023.0,8.0,30.0,2.0,0.0,1.0,1.0,0.0,1.0,0.0
4818.0,5016.0,4924.0,2023.0,8.0,31.0,3.0,0.0,1.0,1.0,0.0,1.0,0.0
4000.0,7730.0,5911.0,2023.0,9.0,1.0,4.0,0.0,1.0,1.0,0.0,1.0,0.0
7216.0,7776.0,7536.0,2023.0,9.0,2.0,5.0,0.0,1.0,1.0,0.0,1.0,0.0
3521.0,8289.0,5586.0,2023.0,9.0,4.0,0.0,0.0,1.0,1.0,0.0,1.0,0.0
3609.0,5601.0,4559.0,2023.0,9.0,5.0,1.0,0.0,1.0,1.0,0.0,1.0,0.0
3761.0,7369.0,5570.0,2023.0,9.0,6.0,2.0,0.0,1.0,1.0,0.0,1.0,0.0
3446.0,5826.0,4563.0,2023.0,9.0,7.0,3.0,0.0,1.0,1.0,0.0,1.0,0.0
4839.0,4839.0,4839.0,2023.0,9.0,8.0,4.0,0.0,1.0,1.0,0.0,1.0,0.0
3808.0,5432.0,4757.0,2023.0,9.0,9.0,5.0,0.0,1.0,1.0,0.0,1.0,0.0
4200.0,7018.0,5506.0,2023.0,9.0,11.0,0.0,0.0,1.0,1.0,0.0,1.0,0.0
3851.0,8119.0,5807.0,2023.0,9.0,12.0,1.0,0.0,1.0,1.0,0.0,1.0,0.0
4589.0,7269.0,5685.0,2023.0,9.0,13.0,2.0,0.0,1.0,1.0,0.0,1.0,0.0
3201.0,6629.0,5604.0,2023.0,9.0,14.0,3.0,0.0,1.0,1.0,0.0,1.0,0.0
3400.0,6689.0,5088.0,2023.0,9.0,15.0,4.0,0.0,1.0,1.0,0.0,1.0,0.0
5203.0,7069.0,6218.0,2023.0,9.0,16.0,5.0,0.0,1.0,1.0,0.0,1.0,0.0
3751.0,7642.0,5212.0,2023.0,9.0,21.0,3.0,0.0,1.0,1.0,0.0,1.0,0.0
6676.0,6676.0,6676.0,2023.0,9.0,22.0,4.0,0.0,1.0,1.0,0.0,1.0,0.0
4251.0,4451.0,4351.0,2023.0,9.0,23.0,5.0,0.0,1.0,1.0,0.0,1.0,0.0
2710.0,3403.0,3117.0,2023.0,9.0,25.0,0.0,0.0,1.0,1.0,0.0,1.0,0.0
3250.0,6030.0,4981.0,2023.0,9.0,30.0,5.0,0.0,1.0,1.0,0.0,1.0,0.0
5826.0,6230.0,6028.0,2023.0,10.0,3.0,1.0,0.0,1.0,1.0,0.0,1.0,0.0
4751.0,5500.0,5157.0,2023.0,10.0,5.0,3.0,0.0,1.0,1.0,0.0,1.0,0.0
6566.0,6570.0,6568.0,2023.0,10.0,6.0,4.0,0.0,1.0,1.0,0.0,1.0,0.0
3808.0,7052.0,5430.0,2023.0,10.0,9.0,0.0,0.0,1.0,1.0,0.0,1.0,0.0
2500.0,5203.0,3852.0,2023.0,10.0,10.0,1.0,0.0,1.0,1.0,0.0,1.0,0.0
2561.0,8162.0,4001.0,2023.0,10.0,11.0,2.0,0.0,1.0,1.0,0.0,1.0,0.0
3670.0,4676.0,4135.0,2023.0,10.0,13.0,4.0,0.0,1.0,1.0,0.0,1.0,0.0
4626.0,8351.0,6787.0,2023.0,10.0,16.0,0.0,0.0,1.0,1.0,0.0,1.0,0.0
4869.0,7567.0,6218.0,2023.0,10.0,17.0,1.0,0.0,1.0,1.0,0.0,1.0,0.0
3610.0,7269.0,5393.0,2023.0,10.0,19.0,3.0,0.0,1.0,1.0,0.0,1.0,0.0
3520.0,3520.0,3520.0,2023.0,10.0,21.0,5.0,0.0,1.0,1.0,0.0,1.0,0.0
4600.0,8002.0,5807.0,2023.0,10.0,25.0,2.0,0.0,1.0,1.0,0.0,1.0,0.0
5421.0,8369.0,6921.0,2023.0,10.0,26.0,3.0,0.0,1.0,1.0,0.0,1.0,0.0
5409.0,7642.0,6183.0,2023.0,10.0,27.0,4.0,0.0,1.0,1.0,0.0,1.0,0.0
3426.0,8010.0,6178.0,2023.0,10.0,30.0,0.0,0.0,1.0,1.0,0.0,1.0,0.0
5709.0,8050.0,6738.0,2023.0,10.0,31.0,1.0,0.0,1.0,1.0,0.0,1.0,0.0
4059.0,8869.0,6708.0,2023.0,11.0,2.0,3.0,0.0,1.0,1.0,0.0,1.0,0.0
3878.0,7509.0,6102.0,2023.0,11.0,3.0,4.0,0.0,1.0,1.0,0.0,1.0,0.0
3829.0,7830.0,5756.0,2023.0,11.0,4.0,5.0,0.0,1.0,1.0,0.0,1.0,0.0
5830.0,7249.0,6372.0,2023.0,11.0,6.0,0.0,0.0,1.0,1.0,0.0,1.0,0.0
5619.0,8350.0,6732.0,2023.0,11.0,7.0,1.0,0.0,1.0,1.0,0.0,1.0,0.0
5330.0,7888.0,6627.0,2023.0,11.0,8.0,2.0,0.0,1.0,1.0,0.0,1.0,0.0
5679.0,7509.0,6402.0,2023.0,11.0,9.0,3.0,0.0,1.0,1.0,0.0,1.0,0.0
2000.0,7733.0,5631.0,2023.0,11.0,10.0,4.0,0.0,1.0,1.0,0.0,1.0,0.0
3887.0,7427.0,5668.0,2023.0,11.0,11.0,5.0,0.0,1.0,1.0,0.0,1.0,0.0
5200.0,6910.0,6273.0,2023.0,11.0,13.0,0.0,0.0,1.0,1.0,0.0,1.0,0.0
4168.0,7470.0,5914.0,2023.0,11.0,15.0,2.0,0.0,1.0,1.0,0.0,1.0,0.0
6030.0,7870.0,7113.0,2023.0,11.0,16.0,3.0,0.0,1.0,1.0,0.0,1.0,0.0
6030.0,6030.0,6030.0,2023.0,11.0,17.0,4.0,0.0,1.0,1.0,0.0,1.0,0.0
6239.0,7020.0,6629.0,2023.0,11.0,18.0,5.0,0.0,1.0,1.0,0.0,1.0,0.0
5300.0,8170.0,6808.0,2023.0,11.0,20.0,0.0,0.0,1.0,1.0,0.0,1.0,0.0
6670.0,7670.0,7135.0,2023.0,11.0,23.0,3.0,0.0,1.0,1.0,0.0,1.0,0.0
5367.0,5367.0,5367.0,2023.0,11.0,24.0,4.0,0.0,1.0,1.0,0.0,1.0,0.0
6450.0,7257.0,6955.0,2023.0,11.0,29.0,2.0,0.0,1.0,1.0,0.0,1.0,0.0
7050.0,7300.0,7187.0,2023.0,12.0,1.0,4.0,0.0,1.0,1.0,0.0,1.0,0.0
5471.0,5471.0,5471.0,2023.0,12.0,2.0,5.0,0.0,1.0,1.0,0.0,1.0,0.0
5081.0,5450.0,5286.0,2023.0,12.0,6.0,2.0,0.0,1.0,1.0,0.0,1.0,0.0
5520.0,5520.0,5520.0,2023.0,12.0,8.0,4.0,0.0,1.0,1.0,0.0,1.0,0.0
4621.0,7870.0,5577.0,2023.0,12.0,16.0,5.0,0.0,1.0,1.0,0.0,1.0,0.0
7232.0,8032.0,7632.0,2023.0,12.0,18.0,0.0,0.0,1.0,1.0,0.0,1.0,0.0
6310.0,7410.0,6799.0,2023.0,12.0,21.0,3.0,0.0,1.0,1.0,0.0,1.0,0.0
5808.0,5808.0,5808.0,2023.0,12.0,26.0,1.0,0.0,1.0,1.0,0.0,1.0,0.0
5801.0,5801.0,5801.0,2023.0,12.0,28.0,3.0,0.0,1.0,1.0,0.0,1.0,0.0
4911.0,6009.0,5777.0,2021.0,1.0,5.0,1.0,1.0,0.0,1.0,0.0,0.0,1.0
5329.0,5329.0,5329.0,2021.0,1.0,6.0,2.0,1.0,0.0,1.0,0.0,0.0,1.0
5351.0,6349.0,6265.0,2021.0,1.0,8.0,4.0,1.0,0.0,1.0,0.0,0.0,1.0
5811.0,6447.0,6031.0,2021.0,1.0,9.0,5.0,1.0,0.0,1.0,0.0,0.0,1.0
5021.0,6569.0,6079.0,2021.0,1.0,11.0,0.0,1.0,0.0,1.0,0.0,0.0,1.0
5809.0,6469.0,5992.0,2021.0,1.0,12.0,1.0,1.0,0.0,1.0,0.0,0.0,1.0
5389.0,6681.0,6331.0,2021.0,1.0,16.0,5.0,1.0,0.0,1.0,0.0,0.0,1.0
6179.0,6853.0,6522.0,2021.0,1.0,18.0,0.0,1.0,0.0,1.0,0.0,0.0,1.0
6009.0,7089.0,6756.0,2021.0,1.0,19.0,1.0,1.0,0.0,1.0,0.0,0.0,1.0
5579.0,6806.0,6370.0,2021.0,1.0,20.0,2.0,1.0,0.0,1.0,0.0,0.0,1.0
4549.0,7094.0,6661.0,2021.0,1.0,21.0,3.0,1.0,0.0,1.0,0.0,0.0,1.0
4829.0,7112.0,6657.0,2021.0,1.0,22.0,4.0,1.0,0.0,1.0,0.0,0.0,1.0
5169.0,7236.0,6675.0,2021.0,1.0,23.0,5.0,1.0,0.0,1.0,0.0,0.0,1.0
4269.0,7317.0,6349.0,2021.0,1.0,25.0,0.0,1.0,0.0,1.0,0.0,0.0,1.0
4669.0,7291.0,6092.0,2021.0,1.0,27.0,2.0,1.0,0.0,1.0,0.0,0.0,1.0
4164.0,7191.0,6106.0,2021.0,1.0,28.0,3.0,1.0,0.0,1.0,0.0,0.0,1.0
4124.0,7216.0,5858.0,2021.0,1.0,29.0,4.0,1.0,0.0,1.0,0.0,0.0,1.0
4434.0,7064.0,5512.0,2021.0,1.0,30.0,5.0,1.0,0.0,1.0,0.0,0.0,1.0
4500.0,7019.0,5752.0,2021.0,2.0,1.0,0.0,1.0,0.0,1.0,0.0,0.0,1.0
4252.0,6719.0,5581.0,2021.0,2.0,2.0,1.0,1.0,0.0,1.0,0.0,0.0,1.0
4869.0,6789.0,5498.0,2021.0,2.0,3.0,2.0,1.0,0.0,1.0,0.0,0.0,1.0
4819.0,6739.0,5685.0,2021.0,2.0,4.0,3.0,1.0,0.0,1.0,0.0,0.0,1.0
4856.0,6809.0,5733.0,2021.0,2.0,5.0,4.0,1.0,0.0,1.0,0.0,0.0,1.0
4575.0,6642.0,5772.0,2021.0,2.0,6.0,5.0,1.0,0.0,1.0,0.0,0.0,1.0
4839.0,6519.0,5726.0,2021.0,2.0,8.0,0.0,1.0,0.0,1.0,0.0,0.0,1.0
4859.0,6534.0,5731.0,2021.0,2.0,9.0,1.0,1.0,0.0,1.0,0.0,0.0,1.0
4859.0,6569.0,5798.0,2021.0,2.0,10.0,2.0,1.0,0.0,1.0,0.0,0.0,1.0
4869.0,6629.0,5938.0,2021.0,2.0,12.0,4.0,1.0,0.0,1.0,0.0,0.0,1.0
4869.0,6622.0,5891.0,2021.0,2.0,13.0,5.0,1.0,0.0,1.0,0.0,0.0,1.0
5589.0,6543.0,5909.0,2021.0,2.0,15.0,0.0,1.0,0.0,1.0,0.0,0.0,1.0
4776.0,6642.0,5889.0,2021.0,2.0,16.0,1.0,1.0,0.0,1.0,0.0,0.0,1.0
4669.0,6712.0,6011.0,2021.0,2.0,17.0,2.0,1.0,0.0,1.0,0.0,0.0,1.0
5339.0,6766.0,6200.0,2021.0,2.0,18.0,3.0,1.0,0.0,1.0,0.0,0.0,1.0
5769.0,6812.0,6178.0,2021.0,2.0,19.0,4.0,1.0,0.0,1.0,0.0,0.0,1.0
5742.0,6842.0,6236.0,2021.0,2.0,20.0,5.0,1.0,0.0,1.0,0.0,0.0,1.0
4396.0,6932.0,6223.0,2021.0,2.0,22.0,0.0,1.0,0.0,1.0,0.0,0.0,1.0
4489.0,7042.0,6367.0,2021.0,2.0,23.0,1.0,1.0,0.0,1.0,0.0,0.0,1.0
5386.0,7249.0,6605.0,2021.0,2.0,24.0,2.0,1.0,0.0,1.0,0.0,0.0,1.0
5791.0,7429.0,6839.0,2021.0,2.0,25.0,3.0,1.0,0.0,1.0,0.0,0.0,1.0
5649.0,7575.0,6788.0,2021.0,2.0,26.0,4.0,1.0,0.0,1.0,0.0,0.0,1.0
5389.0,7386.0,6679.0,2021.0,2.0,27.0,5.0,1.0,0.0,1.0,0.0,0.0,1.0
4996.0,7279.0,6404.0,2021.0,3.0,1.0,0.0,1.0,0.0,1.0,0.0,0.0,1.0
4509.0,6972.0,6155.0,2021.0,3.0,2.0,1.0,1.0,0.0,1.0,0.0,0.0,1.0
4809.0,6949.0,6143.0,2021.0,3.0,3.0,2.0,1.0,0.0,1.0,0.0,0.0,1.0
5089.0,6889.0,6282.0,2021.0,3.0,4.0,3.0,1.0,0.0,1.0,0.0,0.0,1.0
5309.0,7196.0,6406.0,2021.0,3.0,5.0,4.0,1.0,0.0,1.0,0.0,0.0,1.0
4810.0,7196.0,6412.0,2021.0,3.0,6.0,5.0,1.0,0.0,1.0,0.0,0.0,1.0
4809.0,7266.0,6415.0,2021.0,3.0,8.0,0.0,1.0,0.0,1.0,0.0,0.0,1.0
5013.0,7096.0,6231.0,2021.0,3.0,9.0,1.0,1.0,0.0,1.0,0.0,0.0,1.0
5013.0,7109.0,6290.0,2021.0,3.0,10.0,2.0,1.0,0.0,1.0,0.0,0.0,1.0
5669.0,6976.0,6382.0,2021.0,3.0,12.0,4.0,1.0,0.0,1.0,0.0,0.0,1.0
5679.0,7296.0,6639.0,2021.0,3.0,15.0,0.0,1.0,0.0,1.0,0.0,0.0,1.0
5301.0,7279.0,6531.0,2021.0,3.0,16.0,1.0,1.0,0.0,1.0,0.0,0.0,1.0
4845.0,7196.0,6375.0,2021.0,3.0,17.0,2.0,1.0,0.0,1.0,0.0,0.0,1.0
4855.0,6936.0,6260.0,2021.0,3.0,18.0,3.0,1.0,0.0,1.0,0.0,0.0,1.0
4809.0,6986.0,6138.0,2021.0,3.0,19.0,4.0,1.0,0.0,1.0,0.0,0.0,1.0
5131.0,6986.0,5894.0,2021.0,3.0,20.0,5.0,1.0,0.0,1.0,0.0,0.0,1.0
4855.0,6889.0,5862.0,2021.0,3.0,22.0,0.0,1.0,0.0,1.0,0.0,0.0,1.0
4669.0,6712.0,5595.0,2021.0,3.0,23.0,1.0,1.0,0.0,1.0,0.0,0.0,1.0
4109.0,6594.0,5666.0,2021.0,3.0,24.0,2.0,1.0,0.0,1.0,0.0,0.0,1.0
4583.0,6532.0,5506.0,2021.0,3.0,25.0,3.0,1.0,0.0,1.0,0.0,0.0,1.0
4583.0,6376.0,5562.0,2021.0,3.0,26.0,4.0,1.0,0.0,1.0,0.0,0.0,1.0
4209.0,6009.0,5413.0,2021.0,3.0,27.0,5.0,1.0,0.0,1.0,0.0,0.0,1.0
5082.0,6189.0,5638.0,2021.0,3.0,30.0,1.0,1.0,0.0,1.0,0.0,0.0,1.0
4503.0,6689.0,5671.0,2021.0,3.0,31.0,2.0,1.0,0.0,1.0,0.0,0.0,1.0
4449.0,6496.0,5654.0,2021.0,4.0,1.0,3.0,1.0,0.0,1.0,0.0,0.0,1.0
4565.0,6496.0,5673.0,2021.0,4.0,3.0,5.0,1.0,0.0,1.0,0.0,0.0,1.0
4065.0,6466.0,5547.0,2021.0,4.0,5.0,0.0,1.0,0.0,1.0,0.0,0.0,1.0
4369.0,5966.0,5055.0,2021.0,4.0,6.0,1.0,1.0,0.0,1.0,0.0,0.0,1.0
4343.0,5856.0,5142.0,2021.0,4.0,7.0,2.0,1.0,0.0,1.0,0.0,0.0,1.0
4303.0,5836.0,5092.0,2021.0,4.0,8.0,3.0,1.0,0.0,1.0,0.0,0.0,1.0
4319.0,5669.0,5077.0,2021.0,4.0,9.0,4.0,1.0,0.0,1.0,0.0,0.0,1.0
4583.0,5692.0,5320.0,2021.0,4.0,10.0,5.0,1.0,0.0,1.0,0.0,0.0,1.0
4901.0,6009.0,5769.0,2021.0,4.0,15.0,3.0,1.0,0.0,1.0,0.0,0.0,1.0
4533.0,6196.0,5391.0,2021.0,4.0,16.0,4.0,1.0,0.0,1.0,0.0,0.0,1.0
4809.0,6196.0,5367.0,2021.0,4.0,17.0,5.0,1.0,0.0,1.0,0.0,0.0,1.0
4503.0,6012.0,5696.0,2021.0,4.0,19.0,0.0,1.0,0.0,1.0,0.0,0.0,1.0
4405.0,6112.0,5277.0,2021.0,4.0,20.0,1.0,1.0,0.0,1.0,0.0,0.0,1.0
3969.0,5896.0,5065.0,2021.0,4.0,21.0,2.0,1.0,0.0,1.0,0.0,0.0,1.0
4005.0,5929.0,5097.0,2021.0,4.0,22.0,3.0,1.0,0.0,1.0,0.0,0.0,1.0
4482.0,5976.0,5171.0,2021.0,4.0,23.0,4.0,1.0,0.0,1.0,0.0,0.0,1.0
4387.0,5977.0,5315.0,2021.0,4.0,26.0,0.0,1.0,0.0,1.0,0.0,0.0,1.0
4603.0,5677.0,5339.0,2021.0,4.0,27.0,1.0,1.0,0.0,1.0,0.0,0.0,1.0
4372.0,5896.0,5292.0,2021.0,5.0,3.0,0.0,1.0,0.0,1.0,0.0,0.0,1.0
4683.0,5976.0,5329.0,2021.0,5.0,4.0,1.0,1.0,0.0,1.0,0.0,0.0,1.0
4811.0,6814.0,6178.0,2021.0,5.0,5.0,2.0,1.0,0.0,1.0,0.0,0.0,1.0
4443.0,5816.0,5213.0,2021.0,5.0,6.0,3.0,1.0,0.0,1.0,0.0,0.0,1.0
4483.0,5716.0,5241.0,2021.0,5.0,7.0,4.0,1.0,0.0,1.0,0.0,0.0,1.0
4783.0,5796.0,5233.0,2021.0,5.0,8.0,5.0,1.0,0.0,1.0,0.0,0.0,1.0
4683.0,6022.0,5566.0,2021.0,5.0,12.0,2.0,1.0,0.0,1.0,0.0,0.0,1.0
4609.0,6112.0,5819.0,2021.0,5.0,13.0,3.0,1.0,0.0,1.0,0.0,0.0,1.0
4901.0,6272.0,5939.0,2021.0,5.0,15.0,5.0,1.0,0.0,1.0,0.0,0.0,1.0
4602.0,6229.0,6149.0,2021.0,5.0,17.0,0.0,1.0,0.0,1.0,0.0,0.0,1.0
4502.0,6046.0,5632.0,2021.0,5.0,18.0,1.0,1.0,0.0,1.0,0.0,0.0,1.0
4009.0,5729.0,5243.0,2021.0,5.0,28.0,4.0,1.0,0.0,1.0,0.0,0.0,1.0
4209.0,5921.0,5178.0,2021.0,5.0,29.0,5.0,1.0,0.0,1.0,0.0,0.0,1.0
4296.0,5801.0,4830.0,2021.0,6.0,3.0,3.0,1.0,0.0,1.0,0.0,0.0,1.0
4309.0,5697.0,5106.0,2021.0,6.0,4.0,4.0,1.0,0.0,1.0,0.0,0.0,1.0
4502.0,5341.0,5070.0,2021.0,6.0,7.0,0.0,1.0,0.0,1.0,0.0,0.0,1.0
4642.0,6276.0,5046.0,2021.0,6.0,8.0,1.0,1.0,0.0,1.0,0.0,0.0,1.0
4556.0,5496.0,5102.0,2021.0,6.0,9.0,2.0,1.0,0.0,1.0,0.0,0.0,1.0
4302.0,5386.0,4918.0,2021.0,6.0,11.0,4.0,1.0,0.0,1.0,0.0,0.0,1.0
4309.0,5696.0,4815.0,2021.0,6.0,12.0,5.0,1.0,0.0,1.0,0.0,0.0,1.0
4150.0,5379.0,4913.0,2021.0,6.0,14.0,0.0,1.0,0.0,1.0,0.0,0.0,1.0
4100.0,5696.0,4742.0,2021.0,6.0,15.0,1.0,1.0,0.0,1.0,0.0,0.0,1.0
4311.0,5309.0,4881.0,2021.0,6.0,16.0,2.0,1.0,0.0,1.0,0.0,0.0,1.0
3802.0,5059.0,4835.0,2021.0,6.0,17.0,3.0,1.0,0.0,1.0,0.0,0.0,1.0
3802.0,5059.0,4664.0,2021.0,6.0,18.0,4.0,1.0,0.0,1.0,0.0,0.0,1.0
3802.0,5009.0,4347.0,2021.0,6.0,19.0,5.0,1.0,0.0,1.0,0.0,0.0,1.0
4002.0,4909.0,4752.0,2021.0,6.0,21.0,0.0,1.0,0.0,1.0,0.0,0.0,1.0
4016.0,5096.0,4595.0,2021.0,6.0,22.0,1.0,1.0,0.0,1.0,0.0,0.0,1.0
4142.0,5069.0,4358.0,2021.0,6.0,23.0,2.0,1.0,0.0,1.0,0.0,0.0,1.0
4689.0,4689.0,4689.0,2021.0,6.0,24.0,3.0,1.0,0.0,1.0,0.0,0.0,1.0
4209.0,5059.0,4782.0,2021.0,6.0,26.0,5.0,1.0,0.0,1.0,0.0,0.0,1.0
3002.0,5236.0,4787.0,2021.0,6.0,28.0,0.0,1.0,0.0,1.0,0.0,0.0,1.0
3002.0,5236.0,4787.0,2021.0,6.0,29.0,1.0,1.0,0.0,1.0,0.0,0.0,1.0
4403.0,4629.0,4595.0,2021.0,7.0,1.0,3.0,1.0,0.0,1.0,0.0,0.0,1.0
3509.0,4550.0,3978.0,2021.0,7.0,2.0,4.0,1.0,0.0,1.0,0.0,0.0,1.0
4659.0,5119.0,4973.0,2021.0,7.0,3.0,5.0,1.0,0.0,1.0,0.0,0.0,1.0
3059.0,4953.0,4756.0,2021.0,7.0,5.0,0.0,1.0,0.0,1.0,0.0,0.0,1.0
3619.0,4909.0,4604.0,2021.0,7.0,6.0,1.0,1.0,0.0,1.0,0.0,0.0,1.0
4089.0,5049.0,4879.0,2021.0,7.0,7.0,2.0,1.0,0.0,1.0,0.0,0.0,1.0
4509.0,4509.0,4509.0,2021.0,7.0,8.0,3.0,1.0,0.0,1.0,0.0,0.0,1.0
3500.0,4609.0,4509.0,2021.0,7.0,10.0,5.0,1.0,0.0,1.0,0.0,0.0,1.0
3809.0,4979.0,4572.0,2021.0,7.0,12.0,0.0,1.0,0.0,1.0,0.0,0.0,1.0
4019.0,5109.0,4564.0,2021.0,7.0,13.0,1.0,1.0,0.0,1.0,0.0,0.0,1.0
5029.0,5029.0,5029.0,2021.0,7.0,14.0,2.0,1.0,0.0,1.0,0.0,0.0,1.0
4609.0,4609.0,4609.0,2021.0,7.0,15.0,3.0,1.0,0.0,1.0,0.0,0.0,1.0
4909.0,4909.0,4909.0,2021.0,7.0,16.0,4.0,1.0,0.0,1.0,0.0,0.0,1.0
4319.0,4319.0,4319.0,2021.0,7.0,19.0,0.0,1.0,0.0,1.0,0.0,0.0,1.0
3009.0,5389.0,4819.0,2021.0,7.0,20.0,1.0,1.0,0.0,1.0,0.0,0.0,1.0
4359.0,5389.0,4859.0,2021.0,7.0,22.0,3.0,1.0,0.0,1.0,0.0,0.0,1.0
4759.0,4759.0,4759.0,2021.0,7.0,23.0,4.0,1.0,0.0,1.0,0.0,0.0,1.0
4409.0,4619.0,4544.0,2021.0,7.0,26.0,0.0,1.0,0.0,1.0,0.0,0.0,1.0
4419.0,5259.0,5091.0,2021.0,7.0,27.0,1.0,1.0,0.0,1.0,0.0,0.0,1.0
4119.0,4459.0,4391.0,2021.0,7.0,28.0,2.0,1.0,0.0,1.0,0.0,0.0,1.0
4209.0,5489.0,5156.0,2021.0,8.0,2.0,0.0,1.0,0.0,1.0,0.0,0.0,1.0
4509.0,5300.0,5194.0,2021.0,8.0,3.0,1.0,1.0,0.0,1.0,0.0,0.0,1.0
5309.0,5529.0,5393.0,2021.0,8.0,4.0,2.0,1.0,0.0,1.0,0.0,0.0,1.0
5101.0,5101.0,5101.0,2021.0,8.0,9.0,0.0,1.0,0.0,1.0,0.0,0.0,1.0
5359.0,5359.0,5359.0,2021.0,8.0,13.0,4.0,1.0,0.0,1.0,0.0,0.0,1.0
4869.0,4869.0,4869.0,2021.0,8.0,21.0,5.0,1.0,0.0,1.0,0.0,0.0,1.0
5409.0,5409.0,5409.0,2021.0,9.0,3.0,4.0,1.0,0.0,1.0,0.0,0.0,1.0
4909.0,5000.0,4974.0,2021.0,9.0,8.0,2.0,1.0,0.0,1.0,0.0,0.0,1.0
4109.0,4109.0,4109.0,2021.0,9.0,13.0,0.0,1.0,0.0,1.0,0.0,0.0,1.0
5609.0,5609.0,5609.0,2021.0,9.0,17.0,4.0,1.0,0.0,1.0,0.0,0.0,1.0
4477.0,4477.0,4477.0,2021.0,9.0,20.0,0.0,1.0,0.0,1.0,0.0,0.0,1.0
5919.0,5929.0,5925.0,2021.0,9.0,23.0,3.0,1.0,0.0,1.0,0.0,0.0,1.0
3989.0,3989.0,3989.0,2021.0,9.0,25.0,5.0,1.0,0.0,1.0,0.0,0.0,1.0
3689.0,3689.0,3689.0,2021.0,9.0,28.0,1.0,1.0,0.0,1.0,0.0,0.0,1.0
4569.0,4569.0,4569.0,2021.0,9.0,29.0,2.0,1.0,0.0,1.0,0.0,0.0,1.0
5009.0,5009.0,5009.0,2021.0,10.0,1.0,4.0,1.0,0.0,1.0,0.0,0.0,1.0
3611.0,3611.0,3611.0,2021.0,10.0,8.0,4.0,1.0,0.0,1.0,0.0,0.0,1.0
4209.0,4319.0,4302.0,2021.0,11.0,24.0,2.0,1.0,0.0,1.0,0.0,0.0,1.0
6211.0,6479.0,6251.0,2021.0,12.0,23.0,3.0,1.0,0.0,1.0,0.0,0.0,1.0
5809.0,7295.0,6701.0,2021.0,12.0,27.0,0.0,1.0,0.0,1.0,0.0,0.0,1.0
5769.0,7369.0,6843.0,2021.0,12.0,28.0,1.0,1.0,0.0,1.0,0.0,0.0,1.0
5889.0,7339.0,6754.0,2021.0,12.0,29.0,2.0,1.0,0.0,1.0,0.0,0.0,1.0
5669.0,7211.0,6776.0,2021.0,12.0,30.0,3.0,1.0,0.0,1.0,0.0,0.0,1.0
5859.0,7201.0,6700.0,2021.0,12.0,31.0,4.0,1.0,0.0,1.0,0.0,0.0,1.0
5269.0,7169.0,6519.0,2022.0,1.0,1.0,5.0,1.0,0.0,1.0,0.0,0.0,1.0
5469.0,7319.0,6623.0,2022.0,1.0,3.0,0.0,1.0,0.0,1.0,0.0,0.0,1.0
4869.0,7329.0,6743.0,2022.0,1.0,4.0,1.0,1.0,0.0,1.0,0.0,0.0,1.0
4209.0,7389.0,6812.0,2022.0,1.0,5.0,2.0,1.0,0.0,1.0,0.0,0.0,1.0
5409.0,7349.0,6721.0,2022.0,1.0,6.0,3.0,1.0,0.0,1.0,0.0,0.0,1.0
5439.0,7439.0,6767.0,2022.0,1.0,7.0,4.0,1.0,0.0,1.0,0.0,0.0,1.0
5009.0,7381.0,6728.0,2022.0,1.0,8.0,5.0,1.0,0.0,1.0,0.0,0.0,1.0
4589.0,7389.0,6089.0,2022.0,1.0,10.0,0.0,1.0,0.0,1.0,0.0,0.0,1.0
5069.0,7529.0,6884.0,2022.0,1.0,11.0,1.0,1.0,0.0,1.0,0.0,0.0,1.0
4909.0,7529.0,6809.0,2022.0,1.0,12.0,2.0,1.0,0.0,1.0,0.0,0.0,1.0
4309.0,7559.0,6654.0,2022.0,1.0,13.0,3.0,1.0,0.0,1.0,0.0,0.0,1.0
4509.0,7319.0,6573.0,2022.0,1.0,17.0,0.0,1.0,0.0,1.0,0.0,0.0,1.0
3066.0,7312.0,6418.0,2022.0,1.0,18.0,1.0,1.0,0.0,1.0,0.0,0.0,1.0
4266.0,7332.0,6361.0,2022.0,1.0,19.0,2.0,1.0,0.0,1.0,0.0,0.0,1.0
4259.0,7212.0,6588.0,2022.0,1.0,20.0,3.0,1.0,0.0,1.0,0.0,0.0,1.0
4496.0,7341.0,6468.0,2022.0,1.0,21.0,4.0,1.0,0.0,1.0,0.0,0.0,1.0
4859.0,7282.0,6558.0,2022.0,1.0,22.0,5.0,1.0,0.0,1.0,0.0,0.0,1.0
4869.0,7189.0,6331.0,2022.0,1.0,24.0,0.0,1.0,0.0,1.0,0.0,0.0,1.0
4650.0,7049.0,6269.0,2022.0,1.0,25.0,1.0,1.0,0.0,1.0,0.0,0.0,1.0
3856.0,6889.0,6183.0,2022.0,1.0,27.0,3.0,1.0,0.0,1.0,0.0,0.0,1.0
4669.0,6692.0,5819.0,2022.0,1.0,28.0,4.0,1.0,0.0,1.0,0.0,0.0,1.0
4529.0,6425.0,5624.0,2022.0,1.0,29.0,5.0,1.0,0.0,1.0,0.0,0.0,1.0
4229.0,6389.0,5657.0,2022.0,1.0,31.0,0.0,1.0,0.0,1.0,0.0,0.0,1.0
4282.0,6499.0,5882.0,2022.0,2.0,2.0,2.0,1.0,0.0,1.0,0.0,0.0,1.0
4289.0,6362.0,5851.0,2022.0,2.0,3.0,3.0,1.0,0.0,1.0,0.0,0.0,1.0
4032.0,6483.0,5923.0,2022.0,2.0,4.0,4.0,1.0,0.0,1.0,0.0,0.0,1.0
4841.0,6609.0,5989.0,2022.0,2.0,5.0,5.0,1.0,0.0,1.0,0.0,0.0,1.0
4619.0,6659.0,6009.0,2022.0,2.0,7.0,0.0,1.0,0.0,1.0,0.0,0.0,1.0
4819.0,6582.0,5550.0,2022.0,2.0,8.0,1.0,1.0,0.0,1.0,0.0,0.0,1.0
4262.0,6439.0,6150.0,2022.0,2.0,9.0,2.0,1.0,0.0,1.0,0.0,0.0,1.0
4219.0,6719.0,5937.0,2022.0,2.0,10.0,3.0,1.0,0.0,1.0,0.0,0.0,1.0
4200.0,6568.0,5924.0,2022.0,2.0,11.0,4.0,1.0,0.0,1.0,0.0,0.0,1.0
4209.0,6489.0,5916.0,2022.0,2.0,12.0,5.0,1.0,0.0,1.0,0.0,0.0,1.0
4897.0,6392.0,5743.0,2022.0,2.0,14.0,0.0,1.0,0.0,1.0,0.0,0.0,1.0
4809.0,6425.0,5705.0,2022.0,2.0,15.0,1.0,1.0,0.0,1.0,0.0,0.0,1.0
4289.0,6609.0,5819.0,2022.0,2.0,16.0,2.0,1.0,0.0,1.0,0.0,0.0,1.0
4364.0,6489.0,5873.0,2022.0,2.0,17.0,3.0,1.0,0.0,1.0,0.0,0.0,1.0
4309.0,6529.0,5847.0,2022.0,2.0,18.0,4.0,1.0,0.0,1.0,0.0,0.0,1.0
4220.0,6599.0,5943.0,2022.0,2.0,19.0,5.0,1.0,0.0,1.0,0.0,0.0,1.0
4609.0,6666.0,5847.0,2022.0,2.0,21.0,0.0,1.0,0.0,1.0,0.0,0.0,1.0
4411.0,6414.0,5791.0,2022.0,2.0,22.0,1.0,1.0,0.0,1.0,0.0,0.0,1.0
4211.0,6461.0,5742.0,2022.0,2.0,24.0,3.0,1.0,0.0,1.0,0.0,0.0,1.0
4109.0,6399.0,5781.0,2022.0,2.0,25.0,4.0,1.0,0.0,1.0,0.0,0.0,1.0
4419.0,6629.0,5898.0,2022.0,2.0,26.0,5.0,1.0,0.0,1.0,0.0,0.0,1.0
4221.0,6511.0,5819.0,2022.0,2.0,28.0,0.0,1.0,0.0,1.0,0.0,0.0,1.0
4649.0,6919.0,5924.0,2022.0,3.0,3.0,3.0,1.0,0.0,1.0,0.0,0.0,1.0
4629.0,7087.0,6383.0,2022.0,3.0,4.0,4.0,1.0,0.0,1.0,0.0,0.0,1.0
4419.0,6796.0,6301.0,2022.0,3.0,5.0,5.0,1.0,0.0,1.0,0.0,0.0,1.0
4511.0,6975.0,6206.0,2022.0,3.0,7.0,0.0,1.0,0.0,1.0,0.0,0.0,1.0
4604.0,6715.0,6094.0,2022.0,3.0,8.0,1.0,1.0,0.0,1.0,0.0,0.0,1.0
4414.0,6879.0,5211.0,2022.0,3.0,9.0,2.0,1.0,0.0,1.0,0.0,0.0,1.0
4411.0,6919.0,6325.0,2022.0,3.0,10.0,3.0,1.0,0.0,1.0,0.0,0.0,1.0
4389.0,7118.0,6354.0,2022.0,3.0,11.0,4.0,1.0,0.0,1.0,0.0,0.0,1.0
4780.0,6989.0,6239.0,2022.0,3.0,12.0,5.0,1.0,0.0,1.0,0.0,0.0,1.0
4311.0,6779.0,5896.0,2022.0,3.0,14.0,0.0,1.0,0.0,1.0,0.0,0.0,1.0
4819.0,6699.0,6138.0,2022.0,3.0,15.0,1.0,1.0,0.0,1.0,0.0,0.0,1.0
4804.0,6715.0,5954.0,2022.0,3.0,16.0,2.0,1.0,0.0,1.0,0.0,0.0,1.0
4209.0,6529.0,5769.0,2022.0,3.0,17.0,3.0,1.0,0.0,1.0,0.0,0.0,1.0
4301.0,6435.0,5622.0,2022.0,3.0,21.0,0.0,1.0,0.0,1.0,0.0,0.0,1.0
4009.0,6629.0,5623.0,2022.0,3.0,22.0,1.0,1.0,0.0,1.0,0.0,0.0,1.0
4269.0,6375.0,5768.0,2022.0,3.0,23.0,2.0,1.0,0.0,1.0,0.0,0.0,1.0
3849.0,6469.0,5840.0,2022.0,3.0,24.0,3.0,1.0,0.0,1.0,0.0,0.0,1.0
4209.0,6195.0,5563.0,2022.0,3.0,25.0,4.0,1.0,0.0,1.0,0.0,0.0,1.0
4304.0,6449.0,5219.0,2022.0,3.0,26.0,5.0,1.0,0.0,1.0,0.0,0.0,1.0
4869.0,6209.0,5515.0,2022.0,3.0,28.0,0.0,1.0,0.0,1.0,0.0,0.0,1.0
4269.0,6182.0,5504.0,2022.0,3.0,29.0,1.0,1.0,0.0,1.0,0.0,0.0,1.0
4469.0,6289.0,5357.0,2022.0,3.0,30.0,2.0,1.0,0.0,1.0,0.0,0.0,1.0
4203.0,5902.0,5167.0,2022.0,3.0,31.0,3.0,1.0,0.0,1.0,0.0,0.0,1.0
4309.0,6355.0,5302.0,2022.0,4.0,4.0,0.0,1.0,0.0,1.0,0.0,0.0,1.0
4517.0,6325.0,5418.0,2022.0,4.0,5.0,1.0,1.0,0.0,1.0,0.0,0.0,1.0
4404.0,5377.0,4782.0,2022.0,4.0,6.0,2.0,1.0,0.0,1.0,0.0,0.0,1.0
4267.0,6195.0,5537.0,2022.0,4.0,7.0,3.0,1.0,0.0,1.0,0.0,0.0,1.0
4809.0,6255.0,5467.0,2022.0,4.0,8.0,4.0,1.0,0.0,1.0,0.0,0.0,1.0
4209.0,6385.0,5639.0,2022.0,4.0,9.0,5.0,1.0,0.0,1.0,0.0,0.0,1.0
4419.0,6225.0,5219.0,2022.0,4.0,11.0,0.0,1.0,0.0,1.0,0.0,0.0,1.0
4387.0,6196.0,5327.0,2022.0,4.0,12.0,1.0,1.0,0.0,1.0,0.0,0.0,1.0
4004.0,6265.0,5537.0,2022.0,4.0,13.0,2.0,1.0,0.0,1.0,0.0,0.0,1.0
4209.0,6469.0,5584.0,2022.0,4.0,18.0,0.0,1.0,0.0,1.0,0.0,0.0,1.0
4109.0,6419.0,5495.0,2022.0,4.0,19.0,1.0,1.0,0.0,1.0,0.0,0.0,1.0
4009.0,6269.0,5562.0,2022.0,4.0,20.0,2.0,1.0,0.0,1.0,0.0,0.0,1.0
4209.0,6225.0,5595.0,2022.0,4.0,21.0,3.0,1.0,0.0,1.0,0.0,0.0,1.0
4550.0,6395.0,5601.0,2022.0,4.0,22.0,4.0,1.0,0.0,1.0,0.0,0.0,1.0
4269.0,6195.0,5577.0,2022.0,4.0,23.0,5.0,1.0,0.0,1.0,0.0,0.0,1.0
4109.0,6255.0,5526.0,2022.0,4.0,27.0,2.0,1.0,0.0,1.0,0.0,0.0,1.0
4270.0,6175.0,5620.0,2022.0,4.0,28.0,3.0,1.0,0.0,1.0,0.0,0.0,1.0
4209.0,6090.0,5550.0,2022.0,4.0,29.0,4.0,1.0,0.0,1.0,0.0,0.0,1.0
4569.0,6195.0,5483.0,2022.0,5.0,4.0,2.0,1.0,0.0,1.0,0.0,0.0,1.0
4229.0,6035.0,5284.0,2022.0,5.0,5.0,3.0,1.0,0.0,1.0,0.0,0.0,1.0
4203.0,6040.0,5476.0,2022.0,5.0,6.0,4.0,1.0,0.0,1.0,0.0,0.0,1.0
4269.0,6175.0,5410.0,2022.0,5.0,7.0,5.0,1.0,0.0,1.0,0.0,0.0,1.0
4560.0,6009.0,5392.0,2022.0,5.0,9.0,0.0,1.0,0.0,1.0,0.0,0.0,1.0
4619.0,5866.0,5410.0,2022.0,5.0,10.0,1.0,1.0,0.0,1.0,0.0,0.0,1.0
4669.0,5669.0,5349.0,2022.0,5.0,11.0,2.0,1.0,0.0,1.0,0.0,0.0,1.0
4675.0,5965.0,5421.0,2022.0,5.0,12.0,3.0,1.0,0.0,1.0,0.0,0.0,1.0
4209.0,5707.0,5303.0,2022.0,5.0,13.0,4.0,1.0,0.0,1.0,0.0,0.0,1.0
4502.0,5672.0,5278.0,2022.0,5.0,14.0,5.0,1.0,0.0,1.0,0.0,0.0,1.0
4109.0,5925.0,5244.0,2022.0,5.0,16.0,0.0,1.0,0.0,1.0,0.0,0.0,1.0
4309.0,6045.0,5455.0,2022.0,5.0,17.0,1.0,1.0,0.0,1.0,0.0,0.0,1.0
4689.0,5895.0,5421.0,2022.0,5.0,18.0,2.0,1.0,0.0,1.0,0.0,0.0,1.0
4567.0,5775.0,5261.0,2022.0,5.0,19.0,3.0,1.0,0.0,1.0,0.0,0.0,1.0
4669.0,5709.0,5413.0,2022.0,5.0,20.0,4.0,1.0,0.0,1.0,0.0,0.0,1.0
4902.0,5652.0,5423.0,2022.0,5.0,21.0,5.0,1.0,0.0,1.0,0.0,0.0,1.0
4689.0,6009.0,5519.0,2022.0,5.0,23.0,0.0,1.0,0.0,1.0,0.0,0.0,1.0
5016.0,6095.0,5679.0,2022.0,5.0,24.0,1.0,1.0,0.0,1.0,0.0,0.0,1.0
5199.0,6235.0,5824.0,2022.0,5.0,25.0,2.0,1.0,0.0,1.0,0.0,0.0,1.0
4409.0,6019.0,5452.0,2022.0,5.0,27.0,4.0,1.0,0.0,1.0,0.0,0.0,1.0
4004.0,5989.0,5631.0,2022.0,5.0,28.0,5.0,1.0,0.0,1.0,0.0,0.0,1.0
4609.0,6315.0,5608.0,2022.0,5.0,31.0,1.0,1.0,0.0,1.0,0.0,0.0,1.0
4403.0,6395.0,5557.0,2022.0,6.0,1.0,2.0,1.0,0.0,1.0,0.0,0.0,1.0
5402.0,6041.0,5625.0,2022.0,6.0,2.0,3.0,1.0,0.0,1.0,0.0,0.0,1.0
4003.0,6155.0,5606.0,2022.0,6.0,3.0,4.0,1.0,0.0,1.0,0.0,0.0,1.0
4604.0,6102.0,5705.0,2022.0,6.0,4.0,5.0,1.0,0.0,1.0,0.0,0.0,1.0
4804.0,6051.0,5575.0,2022.0,6.0,6.0,0.0,1.0,0.0,1.0,0.0,0.0,1.0
4604.0,6525.0,5765.0,2022.0,6.0,7.0,1.0,1.0,0.0,1.0,0.0,0.0,1.0
6355.0,6355.0,6355.0,2022.0,6.0,8.0,2.0,1.0,0.0,1.0,0.0,0.0,1.0
4769.0,6125.0,5312.0,2022.0,6.0,9.0,3.0,1.0,0.0,1.0,0.0,0.0,1.0
4302.0,5985.0,5484.0,2022.0,6.0,10.0,4.0,1.0,0.0,1.0,0.0,0.0,1.0
4789.0,5995.0,5126.0,2022.0,6.0,11.0,5.0,1.0,0.0,1.0,0.0,0.0,1.0
5392.0,5702.0,5462.0,2022.0,6.0,13.0,0.0,1.0,0.0,1.0,0.0,0.0,1.0
4804.0,5695.0,5295.0,2022.0,6.0,16.0,3.0,1.0,0.0,1.0,0.0,0.0,1.0
4549.0,5682.0,5286.0,2022.0,6.0,17.0,4.0,1.0,0.0,1.0,0.0,0.0,1.0
4989.0,4989.0,4989.0,2022.0,6.0,18.0,5.0,1.0,0.0,1.0,0.0,0.0,1.0
5269.0,5801.0,5588.0,2022.0,6.0,20.0,0.0,1.0,0.0,1.0,0.0,0.0,1.0
4804.0,5701.0,5462.0,2022.0,6.0,21.0,1.0,1.0,0.0,1.0,0.0,0.0,1.0
5302.0,5302.0,5302.0,2022.0,6.0,24.0,4.0,1.0,0.0,1.0,0.0,0.0,1.0
5702.0,5702.0,5702.0,2022.0,6.0,27.0,0.0,1.0,0.0,1.0,0.0,0.0,1.0
5625.0,6479.0,6246.0,2022.0,7.0,1.0,4.0,1.0,0.0,1.0,0.0,0.0,1.0
5402.0,5402.0,5402.0,2022.0,7.0,18.0,0.0,1.0,0.0,1.0,0.0,0.0,1.0
5751.0,5751.0,5751.0,2022.0,7.0,20.0,2.0,1.0,0.0,1.0,0.0,0.0,1.0
6701.0,6701.0,6701.0,2022.0,9.0,20.0,1.0,1.0,0.0,1.0,0.0,0.0,1.0
3800.0,3800.0,3800.0,2022.0,9.0,30.0,4.0,1.0,0.0,1.0,0.0,0.0,1.0
5969.0,5969.0,5969.0,2022.0,10.0,1.0,5.0,1.0,0.0,1.0,0.0,0.0,1.0
4689.0,4689.0,4689.0,2022.0,10.0,3.0,0.0,1.0,0.0,1.0,0.0,0.0,1.0
5221.0,5221.0,5221.0,2022.0,10.0,10.0,0.0,1.0,0.0,1.0,0.0,0.0,1.0
5363.0,6063.0,5719.0,2022.0,12.0,27.0,1.0,1.0,0.0,1.0,0.0,0.0,1.0
7009.0,7009.0,7009.0,2022.0,12.0,28.0,2.0,1.0,0.0,1.0,0.0,0.0,1.0
6269.0,6719.0,6586.0,2022.0,12.0,29.0,3.0,1.0,0.0,1.0,0.0,0.0,1.0
5779.0,6079.0,5959.0,2022.0,12.0,30.0,4.0,1.0,0.0,1.0,0.0,0.0,1.0
5509.0,6999.0,6574.0,2022.0,12.0,31.0,5.0,1.0,0.0,1.0,0.0,0.0,1.0
5069.0,7869.0,7031.0,2023.0,1.0,2.0,0.0,1.0,0.0,1.0,0.0,0.0,1.0
6011.0,7289.0,6804.0,2023.0,1.0,3.0,1.0,1.0,0.0,1.0,0.0,0.0,1.0
6381.0,7209.0,6908.0,2023.0,1.0,4.0,2.0,1.0,0.0,1.0,0.0,0.0,1.0
4959.0,7542.0,6676.0,2023.0,1.0,5.0,3.0,1.0,0.0,1.0,0.0,0.0,1.0
5459.0,7589.0,7031.0,2023.0,1.0,6.0,4.0,1.0,0.0,1.0,0.0,0.0,1.0
5389.0,7822.0,6908.0,2023.0,1.0,7.0,5.0,1.0,0.0,1.0,0.0,0.0,1.0
5689.0,7899.0,6893.0,2023.0,1.0,9.0,0.0,1.0,0.0,1.0,0.0,0.0,1.0
6880.0,7879.0,7439.0,2023.0,1.0,10.0,1.0,1.0,0.0,1.0,0.0,0.0,1.0
5559.0,7881.0,7039.0,2023.0,1.0,11.0,2.0,1.0,0.0,1.0,0.0,0.0,1.0
5229.0,7909.0,7011.0,2023.0,1.0,12.0,3.0,1.0,0.0,1.0,0.0,0.0,1.0
5169.0,7965.0,6608.0,2023.0,1.0,13.0,4.0,1.0,0.0,1.0,0.0,0.0,1.0
5339.0,7683.0,6833.0,2023.0,1.0,16.0,0.0,1.0,0.0,1.0,0.0,0.0,1.0
5509.0,7793.0,6639.0,2023.0,1.0,17.0,1.0,1.0,0.0,1.0,0.0,0.0,1.0
5539.0,7699.0,6769.0,2023.0,1.0,18.0,2.0,1.0,0.0,1.0,0.0,0.0,1.0
5189.0,7899.0,6938.0,2023.0,1.0,19.0,3.0,1.0,0.0,1.0,0.0,0.0,1.0
5511.0,8009.0,6687.0,2023.0,1.0,20.0,4.0,1.0,0.0,1.0,0.0,0.0,1.0
5809.0,8339.0,7235.0,2023.0,1.0,23.0,0.0,1.0,0.0,1.0,0.0,0.0,1.0
5769.0,8289.0,7361.0,2023.0,1.0,24.0,1.0,1.0,0.0,1.0,0.0,0.0,1.0
6119.0,8422.0,7494.0,2023.0,1.0,25.0,2.0,1.0,0.0,1.0,0.0,0.0,1.0
5889.0,8229.0,7216.0,2023.0,1.0,27.0,4.0,1.0,0.0,1.0,0.0,0.0,1.0
5802.0,8259.0,7030.0,2023.0,1.0,28.0,5.0,1.0,0.0,1.0,0.0,0.0,1.0
5459.0,8369.0,6867.0,2023.0,1.0,30.0,0.0,1.0,0.0,1.0,0.0,0.0,1.0
5539.0,8269.0,6693.0,2023.0,1.0,31.0,1.0,1.0,0.0,1.0,0.0,0.0,1.0
5839.0,7735.0,6678.0,2023.0,2.0,1.0,2.0,1.0,0.0,1.0,0.0,0.0,1.0
5329.0,8019.0,6689.0,2023.0,2.0,2.0,3.0,1.0,0.0,1.0,0.0,0.0,1.0
5469.0,8089.0,6876.0,2023.0,2.0,3.0,4.0,1.0,0.0,1.0,0.0,0.0,1.0
5869.0,7869.0,6780.0,2023.0,2.0,4.0,5.0,1.0,0.0,1.0,0.0,0.0,1.0
5869.0,8169.0,7001.0,2023.0,2.0,6.0,0.0,1.0,0.0,1.0,0.0,0.0,1.0
5789.0,8099.0,6855.0,2023.0,2.0,7.0,1.0,1.0,0.0,1.0,0.0,0.0,1.0
5889.0,8222.0,7013.0,2023.0,2.0,8.0,2.0,1.0,0.0,1.0,0.0,0.0,1.0
5859.0,8292.0,7107.0,2023.0,2.0,9.0,3.0,1.0,0.0,1.0,0.0,0.0,1.0
5989.0,8409.0,7290.0,2023.0,2.0,10.0,4.0,1.0,0.0,1.0,0.0,0.0,1.0
5869.0,8209.0,7180.0,2023.0,2.0,11.0,5.0,1.0,0.0,1.0,0.0,0.0,1.0
5809.0,8206.0,7065.0,2023.0,2.0,13.0,0.0,1.0,0.0,1.0,0.0,0.0,1.0
5939.0,8069.0,6952.0,2023.0,2.0,14.0,1.0,1.0,0.0,1.0,0.0,0.0,1.0
5869.0,8192.0,6868.0,2023.0,2.0,15.0,2.0,1.0,0.0,1.0,0.0,0.0,1.0
5869.0,8069.0,6782.0,2023.0,2.0,16.0,3.0,1.0,0.0,1.0,0.0,0.0,1.0
5909.0,8112.0,6658.0,2023.0,2.0,17.0,4.0,1.0,0.0,1.0,0.0,0.0,1.0
5689.0,8009.0,6494.0,2023.0,2.0,22.0,2.0,1.0,0.0,1.0,0.0,0.0,1.0
5509.0,7799.0,6443.0,2023.0,2.0,23.0,3.0,1.0,0.0,1.0,0.0,0.0,1.0
5589.0,7795.0,6493.0,2023.0,2.0,24.0,4.0,1.0,0.0,1.0,0.0,0.0,1.0
5569.0,7747.0,6287.0,2023.0,2.0,25.0,5.0,1.0,0.0,1.0,0.0,0.0,1.0
5469.0,7550.0,6293.0,2023.0,2.0,27.0,0.0,1.0,0.0,1.0,0.0,0.0,1.0
5829.0,7509.0,6126.0,2023.0,2.0,28.0,1.0,1.0,0.0,1.0,0.0,0.0,1.0
5509.0,7545.0,6230.0,2023.0,3.0,1.0,2.0,1.0,0.0,1.0,0.0,0.0,1.0
5509.0,7642.0,6130.0,2023.0,3.0,2.0,3.0,1.0,0.0,1.0,0.0,0.0,1.0
5419.0,7319.0,6192.0,2023.0,3.0,3.0,4.0,1.0,0.0,1.0,0.0,0.0,1.0
5469.0,7282.0,6052.0,2023.0,3.0,4.0,5.0,1.0,0.0,1.0,0.0,0.0,1.0
5369.0,6922.0,5941.0,2023.0,3.0,6.0,0.0,1.0,0.0,1.0,0.0,0.0,1.0
5369.0,7095.0,5704.0,2023.0,3.0,9.0,3.0,1.0,0.0,1.0,0.0,0.0,1.0
5009.0,6692.0,5800.0,2023.0,3.0,10.0,4.0,1.0,0.0,1.0,0.0,0.0,1.0
5369.0,7199.0,5667.0,2023.0,3.0,11.0,5.0,1.0,0.0,1.0,0.0,0.0,1.0
5269.0,6796.0,5691.0,2023.0,3.0,13.0,0.0,1.0,0.0,1.0,0.0,0.0,1.0
5269.0,6862.0,5598.0,2023.0,3.0,14.0,1.0,1.0,0.0,1.0,0.0,0.0,1.0
5269.0,7015.0,5721.0,2023.0,3.0,15.0,2.0,1.0,0.0,1.0,0.0,0.0,1.0
5269.0,7075.0,5782.0,2023.0,3.0,16.0,3.0,1.0,0.0,1.0,0.0,0.0,1.0
5369.0,7125.0,5783.0,2023.0,3.0,17.0,4.0,1.0,0.0,1.0,0.0,0.0,1.0
5209.0,7029.0,5520.0,2023.0,3.0,18.0,5.0,1.0,0.0,1.0,0.0,0.0,1.0
5209.0,6819.0,5712.0,2023.0,3.0,20.0,0.0,1.0,0.0,1.0,0.0,0.0,1.0
5169.0,7111.0,5785.0,2023.0,3.0,24.0,4.0,1.0,0.0,1.0,0.0,0.0,1.0
4007.0,7039.0,5547.0,2023.0,3.0,25.0,5.0,1.0,0.0,1.0,0.0,0.0,1.0
5269.0,7065.0,5688.0,2023.0,3.0,27.0,0.0,1.0,0.0,1.0,0.0,0.0,1.0
4639.0,7172.0,5797.0,2023.0,3.0,28.0,1.0,1.0,0.0,1.0,0.0,0.0,1.0
5169.0,6895.0,5950.0,2023.0,3.0,29.0,2.0,1.0,0.0,1.0,0.0,0.0,1.0
4007.0,7222.0,5925.0,2023.0,3.0,30.0,3.0,1.0,0.0,1.0,0.0,0.0,1.0
4357.0,6999.0,5947.0,2023.0,3.0,31.0,4.0,1.0,0.0,1.0,0.0,0.0,1.0
4420.0,6995.0,5944.0,2023.0,4.0,1.0,5.0,1.0,0.0,1.0,0.0,0.0,1.0
5169.0,7062.0,6110.0,2023.0,4.0,3.0,0.0,1.0,0.0,1.0,0.0,0.0,1.0
4409.0,6895.0,5877.0,2023.0,4.0,5.0,2.0,1.0,0.0,1.0,0.0,0.0,1.0
4500.0,6709.0,5849.0,2023.0,4.0,6.0,3.0,1.0,0.0,1.0,0.0,0.0,1.0
4869.0,6896.0,5938.0,2023.0,4.0,8.0,5.0,1.0,0.0,1.0,0.0,0.0,1.0
4869.0,6929.0,6010.0,2023.0,4.0,10.0,0.0,1.0,0.0,1.0,0.0,0.0,1.0
4969.0,6715.0,5802.0,2023.0,4.0,11.0,1.0,1.0,0.0,1.0,0.0,0.0,1.0
4869.0,6589.0,5804.0,2023.0,4.0,12.0,2.0,1.0,0.0,1.0,0.0,0.0,1.0
4879.0,6815.0,5733.0,2023.0,4.0,13.0,3.0,1.0,0.0,1.0,0.0,0.0,1.0
4869.0,6395.0,5656.0,2023.0,4.0,15.0,5.0,1.0,0.0,1.0,0.0,0.0,1.0
4769.0,6309.0,5502.0,2023.0,4.0,17.0,0.0,1.0,0.0,1.0,0.0,0.0,1.0
4100.0,6325.0,5538.0,2023.0,4.0,18.0,1.0,1.0,0.0,1.0,0.0,0.0,1.0
4689.0,6425.0,5657.0,2023.0,4.0,19.0,2.0,1.0,0.0,1.0,0.0,0.0,1.0
4539.0,6495.0,5608.0,2023.0,4.0,21.0,4.0,1.0,0.0,1.0,0.0,0.0,1.0
4569.0,6465.0,5638.0,2023.0,4.0,24.0,0.0,1.0,0.0,1.0,0.0,0.0,1.0
3800.0,6269.0,5449.0,2023.0,4.0,25.0,1.0,1.0,0.0,1.0,0.0,0.0,1.0
4639.0,6125.0,5554.0,2023.0,4.0,26.0,2.0,1.0,0.0,1.0,0.0,0.0,1.0
4683.0,6289.0,5667.0,2023.0,4.0,27.0,3.0,1.0,0.0,1.0,0.0,0.0,1.0
4569.0,6279.0,5531.0,2023.0,4.0,28.0,4.0,1.0,0.0,1.0,0.0,0.0,1.0
4689.0,6529.0,5781.0,2023.0,4.0,29.0,5.0,1.0,0.0,1.0,0.0,0.0,1.0
4237.0,6569.0,5731.0,2023.0,5.0,2.0,1.0,1.0,0.0,1.0,0.0,0.0,1.0
4569.0,6282.0,5789.0,2023.0,5.0,3.0,2.0,1.0,0.0,1.0,0.0,0.0,1.0
4317.0,6289.0,5629.0,2023.0,5.0,4.0,3.0,1.0,0.0,1.0,0.0,0.0,1.0
4869.0,6669.0,5786.0,2023.0,5.0,5.0,4.0,1.0,0.0,1.0,0.0,0.0,1.0
4257.0,6569.0,5976.0,2023.0,5.0,6.0,5.0,1.0,0.0,1.0,0.0,0.0,1.0
5479.0,6469.0,5984.0,2023.0,5.0,8.0,0.0,1.0,0.0,1.0,0.0,0.0,1.0
5429.0,6239.0,5845.0,2023.0,5.0,9.0,1.0,1.0,0.0,1.0,0.0,0.0,1.0
5489.0,6809.0,6173.0,2023.0,5.0,11.0,3.0,1.0,0.0,1.0,0.0,0.0,1.0
5559.0,7029.0,6394.0,2023.0,5.0,12.0,4.0,1.0,0.0,1.0,0.0,0.0,1.0
5603.0,7173.0,6575.0,2023.0,5.0,15.0,0.0,1.0,0.0,1.0,0.0,0.0,1.0
5689.0,7262.0,6489.0,2023.0,5.0,16.0,1.0,1.0,0.0,1.0,0.0,0.0,1.0
6249.0,6769.0,6620.0,2023.0,5.0,17.0,2.0,1.0,0.0,1.0,0.0,0.0,1.0
4757.0,7229.0,6439.0,2023.0,5.0,18.0,3.0,1.0,0.0,1.0,0.0,0.0,1.0
5689.0,7219.0,6646.0,2023.0,5.0,20.0,5.0,1.0,0.0,1.0,0.0,0.0,1.0
5459.0,6899.0,6554.0,2023.0,5.0,22.0,0.0,1.0,0.0,1.0,0.0,0.0,1.0
4517.0,7169.0,6403.0,2023.0,5.0,23.0,1.0,1.0,0.0,1.0,0.0,0.0,1.0
5741.0,7009.0,6370.0,2023.0,5.0,24.0,2.0,1.0,0.0,1.0,0.0,0.0,1.0
6459.0,7372.0,6928.0,2023.0,5.0,25.0,3.0,1.0,0.0,1.0,0.0,0.0,1.0
5689.0,7203.0,6853.0,2023.0,5.0,26.0,4.0,1.0,0.0,1.0,0.0,0.0,1.0
4600.0,7119.0,6717.0,2023.0,5.0,27.0,5.0,1.0,0.0,1.0,0.0,0.0,1.0
5889.0,7089.0,6701.0,2023.0,5.0,29.0,0.0,1.0,0.0,1.0,0.0,0.0,1.0
5689.0,7089.0,6422.0,2023.0,5.0,30.0,1.0,1.0,0.0,1.0,0.0,0.0,1.0
6359.0,6789.0,6574.0,2023.0,5.0,31.0,2.0,1.0,0.0,1.0,0.0,0.0,1.0
5902.0,7000.0,6724.0,2023.0,6.0,1.0,3.0,1.0,0.0,1.0,0.0,0.0,1.0
5659.0,6879.0,6751.0,2023.0,6.0,2.0,4.0,1.0,0.0,1.0,0.0,0.0,1.0
6219.0,6873.0,6749.0,2023.0,6.0,3.0,5.0,1.0,0.0,1.0,0.0,0.0,1.0
6009.0,6642.0,6375.0,2023.0,6.0,5.0,0.0,1.0,0.0,1.0,0.0,0.0,1.0
5069.0,6892.0,6631.0,2023.0,6.0,6.0,1.0,1.0,0.0,1.0,0.0,0.0,1.0
6102.0,6839.0,6484.0,2023.0,6.0,7.0,2.0,1.0,0.0,1.0,0.0,0.0,1.0
4600.0,6997.0,6587.0,2023.0,6.0,8.0,3.0,1.0,0.0,1.0,0.0,0.0,1.0
6651.0,6669.0,6659.0,2023.0,6.0,9.0,4.0,1.0,0.0,1.0,0.0,0.0,1.0
6649.0,6649.0,6649.0,2023.0,6.0,10.0,5.0,1.0,0.0,1.0,0.0,0.0,1.0
6009.0,6859.0,6530.0,2023.0,6.0,12.0,0.0,1.0,0.0,1.0,0.0,0.0,1.0
6202.0,6709.0,6637.0,2023.0,6.0,13.0,1.0,1.0,0.0,1.0,0.0,0.0,1.0
6467.0,6719.0,6589.0,2023.0,6.0,14.0,2.0,1.0,0.0,1.0,0.0,0.0,1.0
6702.0,7022.0,6873.0,2023.0,6.0,15.0,3.0,1.0,0.0,1.0,0.0,0.0,1.0
5360.0,5360.0,5360.0,2023.0,6.0,16.0,4.0,1.0,0.0,1.0,0.0,0.0,1.0
6935.0,7045.0,7003.0,2023.0,6.0,17.0,5.0,1.0,0.0,1.0,0.0,0.0,1.0
6452.0,6452.0,6452.0,2023.0,6.0,20.0,1.0,1.0,0.0,1.0,0.0,0.0,1.0
4609.0,6309.0,6154.0,2023.0,6.0,21.0,2.0,1.0,0.0,1.0,0.0,0.0,1.0
5600.0,6100.0,5975.0,2023.0,6.0,28.0,2.0,1.0,0.0,1.0,0.0,0.0,1.0
6400.0,6503.0,6438.0,2023.0,6.0,30.0,4.0,1.0,0.0,1.0,0.0,0.0,1.0
6669.0,6669.0,6669.0,2023.0,7.0,1.0,5.0,1.0,0.0,1.0,0.0,0.0,1.0
6951.0,6951.0,6951.0,2023.0,8.0,25.0,4.0,1.0,0.0,1.0,0.0,0.0,1.0
6941.0,6941.0,6941.0,2023.0,12.0,14.0,3.0,1.0,0.0,1.0,0.0,0.0,1.0
6509.0,6969.0,6655.0,2023.0,12.0,19.0,1.0,1.0,0.0,1.0,0.0,0.0,1.0
6469.0,6469.0,6469.0,2023.0,12.0,20.0,2.0,1.0,0.0,1.0,0.0,0.0,1.0
7309.0,7309.0,7309.0,2023.0,12.0,21.0,3.0,1.0,0.0,1.0,0.0,0.0,1.0
5909.0,7509.0,6936.0,2023.0,12.0,23.0,5.0,1.0,0.0,1.0,0.0,0.0,1.0
5569.0,7589.0,6747.0,2023.0,12.0,26.0,1.0,1.0,0.0,1.0,0.0,0.0,1.0
6759.0,7129.0,6972.0,2023.0,12.0,27.0,2.0,1.0,0.0,1.0,0.0,0.0,1.0
6409.0,7719.0,7328.0,2023.0,12.0,28.0,3.0,1.0,0.0,1.0,0.0,0.0,1.0
5269.0,7489.0,6922.0,2023.0,12.0,29.0,4.0,1.0,0.0,1.0,0.0,0.0,1.0
6569.0,7609.0,7075.0,2023.0,12.0,30.0,5.0,1.0,0.0,1.0,0.0,0.0,1.0
